product,link
Men's Lightweight Waterproof Hooded Rain Jacket Outdoor Raincoat Shell Jacket for Hiking Travel,/gp/slredirect/picassoRedirect.html/ref=pa_sp_atf_aps_sr_pg1_1?ie=UTF8&adId=A062045811QDK65KEIXT1&url=%2FLightweight-Waterproof-Hooded-Outdoor-Raincoat%2Fdp%2FB08F9W2M7S%2Fref%3Dsr_1_1_sspa%3Fdchild%3D1%26keywords%3Djacket%2Bfor%2Bmen%26qid%3D1632973681%26sr%3D8-1-spons%26psc%3D1&qualifier=1632973681&id=2400399201929582&widgetName=sp_atf
Men's Full-Zip Polar Fleece Jacket,/Amazon-Essentials-Full-Zip-Fleece-Jacket/dp/B073GBHPRH/ref=sr_1_2?dchild=1&keywords=jacket+for+men&qid=1632973681&sr=8-2
mens Ascender Softshell Front-zip Jacket,/Columbia-Ascender-Softshell-Jacket-Resistant/dp/B00HQ4KS3W/ref=sr_1_3?dchild=1&keywords=jacket+for+men&qid=1632973681&sr=8-3
Men's Watertight Ii Jacket,/Columbia-Watertight-Jacket-Black-Large/dp/B00DQYWIHA/ref=sr_1_4?dchild=1&keywords=jacket+for+men&qid=1632973681&sr=8-4
Men's Slim Fit Lightweight Sportswear Jacket Casual Bomber Jacket,/URBANFIND-Lightweight-Sportswear-Jacket-Casual/dp/B06XNK1DCH/ref=sr_1_5?dchild=1&keywords=jacket+for+men&qid=1632973681&sr=8-5
Men's Classic Zip Front Polar Fleece Jacket,/Tommy-Hilfiger-Classic-Fleece-Jacket/dp/B01KWHVPKO/ref=sr_1_6?dchild=1&keywords=jacket+for+men&qid=1632973681&sr=8-6
Men's Casual Slim Fit Lightweight Zip Up Softshell Bomber Jacket,/Tanming-Color-Casual-Jacket-XX-Large/dp/B06Y1KCZ8Q/ref=sr_1_7?dchild=1&keywords=jacket+for+men&qid=1632973681&sr=8-7
Men's Steens Mountain 2.0 Full Zip Fleece Jacket,/Columbia-Steens-Mountain-Fleece-Jacket/dp/B0084AXAGO/ref=sr_1_8?dchild=1&keywords=jacket+for+men&qid=1632973681&sr=8-8
Men's Washed Cotton Hooded Military Jacket,/Washed-Cotton-Hooded-Military-Jacket/dp/B00JB8Q056/ref=sr_1_9?dchild=1&keywords=jacket+for+men&qid=1632973681&sr=8-9
mens Minimalist Lightweight Waterproof Rain Jacket,/Marmot-Mens-Minimalist-Jacket-Large/dp/B07V3NB8HL/ref=sr_1_10?dchild=1&keywords=jacket+for+men&qid=1632973681&sr=8-10
Men's Journeyman Shirt Jacket,/Legendary-Whitetails-Journeyman-Jacket-X-Large/dp/B013KW3FH4/ref=sr_1_11?dchild=1&keywords=jacket+for+men&qid=1632973681&sr=8-11
Men's Auburn Zip-Front Golf Jacket (Regular & Big-Tall Sizes),/London-Fog-Zip-Front-Regular-Big-Tall/dp/B00D71VHSS/ref=sr_1_12?dchild=1&keywords=jacket+for+men&qid=1632973681&sr=8-12
Men's Quilted Flannel Lined Duck Active Jacket,/Carhartt-Quilted-Flannel-Active-Jacket/dp/B000CCOIHC/ref=sr_1_13?dchild=1&keywords=jacket+for+men&qid=1632973681&sr=8-13
Men's Jacket-Fall Winter Thicken Windbreakers Bomber Jackets Padded Coats,/gp/slredirect/picassoRedirect.html/ref=pa_sp_mtf_aps_sr_pg1_1?ie=UTF8&adId=A06845381OU0HF1GVCRGH&url=%2FCRYSULLY-Fashion-Zipper-Casual-Windbreak%2Fdp%2FB07W3SKZ2T%2Fref%3Dsr_1_14_sspa%3Fdchild%3D1%26keywords%3Djacket%2Bfor%2Bmen%26qid%3D1632973681%26sr%3D8-14-spons%26psc%3D1%26smid%3DA2HAYHLPF6CED5&qualifier=1632973681&id=2400399201929582&widgetName=sp_mtf
Men's Fleece Hoodie Sweatshirt Thick Jacket Full Zip Up Winter Sherpa Coat,/gp/slredirect/picassoRedirect.html/ref=pa_sp_mtf_aps_sr_pg1_1?ie=UTF8&adId=A062869214OE4H7UFQJ3G&url=%2FGEEK-LIGHTING-Fleece-Hoodie-Sweatshirt%2Fdp%2FB0991VLKD3%2Fref%3Dsr_1_15_sspa%3Fdchild%3D1%26keywords%3Djacket%2Bfor%2Bmen%26qid%3D1632973681%26sr%3D8-15-spons%26psc%3D1&qualifier=1632973681&id=2400399201929582&widgetName=sp_mtf
Men's Winter Jackets Bomber Jacket Zipper Pockets Padded Coats Warm Windproof Outwear,/gp/slredirect/picassoRedirect.html/ref=pa_sp_mtf_aps_sr_pg1_1?ie=UTF8&adId=A02182423KVNZPQXQMV5O&url=%2FBomber-Baseball-Jackets-Letterman-Varsity%2Fdp%2FB08KG8JFZ9%2Fref%3Dsr_1_16_sspa%3Fdchild%3D1%26keywords%3Djacket%2Bfor%2Bmen%26qid%3D1632973681%26sr%3D8-16-spons%26psc%3D1&qualifier=1632973681&id=2400399201929582&widgetName=sp_mtf
Men's Lightweight Breathable Jacket,/Homaok-Lightweight-Breathable-Jacket-Medium/dp/B01LXL5HXF/ref=sr_1_17?dchild=1&keywords=jacket+for+men&qid=1632973681&sr=8-17
"Men's Utilizer Jacket, Collegiate Navy 2",/Columbia-Mens-Utilizer-Jacket-Collegiate/dp/B073JM17SP/ref=sr_1_18?dchild=1&keywords=jacket+for+men&qid=1632973681&sr=8-18
Men's Lightweight Water-Resistant Packable Puffer Jacket,/Amazon-Essentials-Lightweight-Water-Resistant-Packable/dp/B07BN4C7ZW/ref=sr_1_19?dchild=1&keywords=jacket+for+men&qid=1632973681&sr=8-19
Men's Long Sleeve Quilted Lined Flannel Shirt Jacket with Hood,/Wrangler-Authentics-Sleeve-Quilted-Flannel/dp/B073JQTQNV/ref=sr_1_20?dchild=1&keywords=jacket+for+men&qid=1632973681&sr=8-20
Men's Jacket-Lightweight Casual Spring Fall Thin Bomber Zip Pockets Coat Outwear,/TACVASEN-Lightweight-Jacket-Softshell-Flight/dp/B07VQHGCVY/ref=sr_1_21?dchild=1&keywords=jacket+for+men&qid=1632973681&sr=8-21
Men's Brighton Pullover Anarok Hooded Snowboard Jacket,/Volcom-Brighton-Pullover-2-Layer-Jacket/dp/B082VZ7Z52/ref=sr_1_22?dchild=1&keywords=jacket+for+men&qid=1632973681&sr=8-22
Men's Packable Jacket,/Champion-Packable-Jacket-White-Large/dp/B078H8B7N3/ref=sr_1_23?dchild=1&keywords=jacket+for+men&qid=1632973681&sr=8-23
Men's Waterproof Ski Jacket Warm Winter Snow Coat Mountain Windbreaker Hooded Raincoat,/MOERDENG-Waterproof-Mountain-Windbreaker-Raincoat/dp/B07W3NR3XW/ref=sr_1_24?dchild=1&keywords=jacket+for+men&qid=1632973681&sr=8-24
Men's Bartlett Jacket (Regular and Big & Tall Sizes),/Carhartt-Bartlett-Jacket-Regular-Sizes/dp/B07S194BD1/ref=sr_1_25?dchild=1&keywords=jacket+for+men&qid=1632973681&sr=8-25
Men's Waterproof Breathable Hooded Jacket,/Tommy-Hilfiger-Waterproof-Breathable-Hooded/dp/B00YQAFZLO/ref=sr_1_26?dchild=1&keywords=jacket+for+men&qid=1632973681&sr=8-26
Men's Sherpa Trucker Jacket,/Levis-Sherpa-Jacket-Mustard-Denim/dp/B071JML8P2/ref=sr_1_27?dchild=1&keywords=jacket+for+men&qid=1632973681&sr=8-27
Men's Lightweight Bomber Jacket,/Amazon-Essentials-Standard-Lightweight-Bomber/dp/B07HKKQ3HT/ref=sr_1_28?dchild=1&keywords=jacket+for+men&qid=1632973681&sr=8-28
Men's Winter Fleece Jacket Windproof Outdoor Hiking Full Zip Jackets,/gp/slredirect/picassoRedirect.html/ref=pa_sp_mtf_aps_sr_pg1_1?ie=UTF8&adId=A01771133RIS5MGW7CKPE&url=%2FCRYSULLY-Fleece-Fishing-Jacket-Thermal%2Fdp%2FB08MBHDFZQ%2Fref%3Dsr_1_29_sspa%3Fdchild%3D1%26keywords%3Djacket%2Bfor%2Bmen%26qid%3D1632973681%26sr%3D8-29-spons%26psc%3D1&qualifier=1632973681&id=2400399201929582&widgetName=sp_mtf
Men's Thick Thermal Winter Jacket with Multi Pockets Zip Front Fleece Lined Military Jacket for Men,/gp/slredirect/picassoRedirect.html/ref=pa_sp_mtf_aps_sr_pg1_1?ie=UTF8&adId=A05345683QB04YUSEGS5R&url=%2FEKLENTSON-Fleece-Military-Lightweight-Fashion%2Fdp%2FB07ZGJFKKL%2Fref%3Dsr_1_30_sspa%3Fdchild%3D1%26keywords%3Djacket%2Bfor%2Bmen%26qid%3D1632973681%26sr%3D8-30-spons%26psc%3D1&qualifier=1632973681&id=2400399201929582&widgetName=sp_mtf
Men's Lightweight Flight Bomber Jacket Spring Fall Causal Softshell Windbreaker Coat Outerwear,/gp/slredirect/picassoRedirect.html/ref=pa_sp_mtf_aps_sr_pg1_1?ie=UTF8&adId=A09011243S1MQVV3SW401&url=%2FMANSDOUR-Lightweight-Softshell-Windbreaker-Sportswear%2Fdp%2FB092ZCHP46%2Fref%3Dsr_1_31_sspa%3Fdchild%3D1%26keywords%3Djacket%2Bfor%2Bmen%26qid%3D1632973681%26sr%3D8-31-spons%26psc%3D1&qualifier=1632973681&id=2400399201929582&widgetName=sp_mtf
Men's Granite Mountain Fleece Jacket,/Columbia-Granite-Mountain-Fleece-Jacket/dp/B00VG8KZ1O/ref=sr_1_32?dchild=1&keywords=jacket+for+men&qid=1632973681&sr=8-32
Men's Trucker Jacket,/Levis-Trucker-Jacket-Lamar-Black/dp/B076WXF1LV/ref=sr_1_33?dchild=1&keywords=jacket+for+men&qid=1632973681&sr=8-33
65551 Men's Alpha 3.0 Jacket,/Helly-Hansen-Alpha-Jacket-Alert/dp/B07R2FKYNX/ref=sr_1_34?dchild=1&keywords=jacket+for+men&qid=1632973681&sr=8-34
Men's Glennaker Lake Rain Jacket,/Columbia-Glennaker-Packable-Jacket-Medium/dp/B0058YHKDI/ref=sr_1_35?dchild=1&keywords=jacket+for+men&qid=1632973681&sr=8-35
Men's Hooded Performance Fleece Jacket,/Tommy-Hilfiger-Hooded-Performance-Fleece/dp/B07GZ4NNN3/ref=sr_1_36?dchild=1&keywords=jacket+for+men&qid=1632973681&sr=8-36
Men's Rugged Wear Unlined Denim Jacket,/Wrangler-Rugged-Unlined-Jacket-Vintage/dp/B000A3I3PQ/ref=sr_1_37?dchild=1&keywords=jacket+for+men&qid=1632973681&sr=8-37
Men's CirrusLite Down Jacket,/Eddie-Bauer-Cirruslite-Jacket-Black/dp/B07RWDNJ4G/ref=sr_1_38?dchild=1&keywords=jacket+for+men&qid=1632973681&sr=8-38
Men's Journeyman Shirt Jacket,/Legendary-Whitetails-Journeyman-Rugged-Tobacco/dp/B00EUHD006/ref=sr_1_39?dchild=1&keywords=jacket+for+men&qid=1632973681&sr=8-39
Men's Water-Resistant Softshell Jacket,/Amazon-Essentials-Water-Resistant-Softshell-Jacket/dp/B06XWNDV8J/ref=sr_1_40?dchild=1&keywords=jacket+for+men&qid=1632973681&sr=8-40
Men's Faux Leather Sherpa Aviator Bomber Jacket,/Levis-Vintage-Leather-Sherpa-Aviator/dp/B07FK7G4F3/ref=sr_1_41?dchild=1&keywords=jacket+for+men&qid=1632973681&sr=8-41
Men’s Timberline Triple Interchange Winter Jacket,/Columbia-Timberline-Interchange-Jacquard-Texture/dp/B0814BJZKT/ref=sr_1_42?dchild=1&keywords=jacket+for+men&qid=1632973681&sr=8-42
"Men's Glennaker Lake Lined Rain Jacket,",/Columbia-Glennaker-Mountain-Bluestone-XX-Large/dp/B089F6LDY3/ref=sr_1_43?dchild=1&keywords=jacket+for+men&qid=1632973681&sr=8-43
Men's Cotton Lightweight Slim Fit Jacket Casual Wear,/XueYin-Cotton-Lightweight-Jacket-Casual/dp/B01JRXIMTQ/ref=sr_1_44?dchild=1&keywords=jacket+for+men&qid=1632973681&sr=8-44
Men's Ultra Loft Lightweight Packable Puffer Jacket (Standard and Big & Tall),/Tommy-Hilfiger-Packable-Puffer-Jacket/dp/B07RNSSPRP/ref=sr_1_45?dchild=1&keywords=jacket+for+men&qid=1632973681&sr=8-45
Men's Regular Blanket Lined Denim Jacket,/Wrangler-Regular-Blanket-Lined-Jacket/dp/B0058SJOUG/ref=sr_1_46?dchild=1&keywords=jacket+for+men&qid=1632973681&sr=8-46
Power Torque Jacket,/Zero-Restriction-Golf-Torque-Jacket/dp/B0781SS4JT/ref=sr_1_47?dchild=1&keywords=jacket+for+men&qid=1632973681&sr=8-47
Concealed Carry Jacket for Men - Heavy Duty Canvas - Conceal Carry Pockets,/Venado-Concealed-Carry-Jacket-Men/dp/B089NHX2CZ/ref=sr_1_48?dchild=1&keywords=jacket+for+men&qid=1632973681&sr=8-48
Men's Tiro 21 Track Jacket,/adidas-Track-Jacket-Power-Medium/dp/B089K8FWZV/ref=sr_1_49?dchild=1&keywords=jacket+for+men&qid=1632973681&sr=8-49
Men's Faux Leather Jacket with Removable Hood Motorcycle Jacket Casual Vintage Warm Winter Coat,/Wantdo-Leather-Jacket-Removable-X-Large/dp/B00EZORGV8/ref=sr_1_50?dchild=1&keywords=jacket+for+men&qid=1632973681&sr=8-50
Men's Essentials 3-Stripes Tricot Track Jacket,/adidas-Essentials-3-Stripes-Tricot-Jacket/dp/B07DXF1938/ref=sr_1_51?dchild=1&keywords=jacket+for+men&qid=1632973681&sr=8-51
Men's Mandarin collar with center zipper,/First-Mfg-Co-Mandarin-collar/dp/B07MN6QHBV/ref=sr_1_52?dchild=1&keywords=jacket+for+men&qid=1632973681&sr=8-52
Men's Essentials 3-Stripes Tricot Track Jacket,/adidas-Essentials-3-Stripes-Scarlet-X-Large/dp/B07DXLDF4C/ref=sr_1_53?dchild=1&keywords=jacket+for+men&qid=1632973681&sr=8-53
Men's Full Zip Ultimate Heavyweight Hoodie,/Hanes-Ultimate-Heavyweight-Fleece-XXX-Large/dp/B00JUMFMAW/ref=sr_1_54?dchild=1&keywords=jacket+for+men&qid=1632973681&sr=8-54
Mastermind - Men's Leather Motorcycle Jacket,/First-Manufacturing-Utility-Cruising-Jacket/dp/B003HXWK6Y/ref=sr_1_55?dchild=1&keywords=jacket+for+men&qid=1632973681&sr=8-55
Men's Jacket-Lightweight Casual Spring Fall Thin Bomber Zip Pockets Coat Outwear,/gp/slredirect/picassoRedirect.html/ref=pa_sp_btf_aps_sr_pg1_1?ie=UTF8&adId=A07265652QQFQHOPPZZK9&url=%2FTACVASEN-Lightweight-Jacket-Softshell-Flight%2Fdp%2FB07VNDW5HX%2Fref%3Dsr_1_56_sspa%3Fdchild%3D1%26keywords%3Djacket%2Bfor%2Bmen%26qid%3D1632973681%26sr%3D8-56-spons%26psc%3D1&qualifier=1632973681&id=2400399201929582&widgetName=sp_btf
Men's Bomber Jackets Lightweight Windbreaker Spring Fall Full Zip Active Coat Outwear,/gp/slredirect/picassoRedirect.html/ref=pa_sp_btf_aps_sr_pg1_1?ie=UTF8&adId=A06561692KS9JNNTI5QHL&url=%2FTACVASEN-Outdoor-Jackets-Classic-Softshell%2Fdp%2FB089B4RBX8%2Fref%3Dsr_1_57_sspa%3Fdchild%3D1%26keywords%3Djacket%2Bfor%2Bmen%26qid%3D1632973681%26sr%3D8-57-spons%26psc%3D1&qualifier=1632973681&id=2400399201929582&widgetName=sp_btf
Men's UPF 50+ Jacket Hoodie Sun Protection Long Sleeve Light Full Zip UV Shirt with Pockets Fishing Hiking Outdoor,/gp/slredirect/picassoRedirect.html/ref=pa_sp_btf_aps_sr_pg1_1?ie=UTF8&adId=A04140623MPUCQVCIJUVZ&url=%2FDeyeek-Protection-Pockets-Fishing-Outdoor%2Fdp%2FB098K38KRJ%2Fref%3Dsr_1_58_sspa%3Fdchild%3D1%26keywords%3Djacket%2Bfor%2Bmen%26qid%3D1632973681%26sr%3D8-58-spons%26psc%3D1&qualifier=1632973681&id=2400399201929582&widgetName=sp_btf
Men's Cotton Lightweight Multi Pockets Zip Front Stand Collar Military Jackets Windbreaker,/gp/slredirect/picassoRedirect.html/ref=pa_sp_btf_aps_sr_pg1_1?ie=UTF8&adId=A029023938JNRVQ4BEF5W&url=%2FEKLENTSON-Military-Jackets-Bomber-Jacket%2Fdp%2FB07GB7WZR5%2Fref%3Dsr_1_59_sspa%3Fdchild%3D1%26keywords%3Djacket%2Bfor%2Bmen%26qid%3D1632973681%26sr%3D8-59-spons%26psc%3D1&qualifier=1632973681&id=2400399201929582&widgetName=sp_btf
Men's Lightweight Jacket Winter Warm Up Jacket Thick Full Zip Jacket Coat Bomber Varsity Jacket Windbreaker,/gp/slredirect/picassoRedirect.html/ref=pa_sp_btf_aps_sr_pg1_1?ie=UTF8&adId=A026315026HFHJZ30JIJW&url=%2FTOTNMC-Casual-Softshell-Jacket-Windbreakers%2Fdp%2FB07WRRCCW9%2Fref%3Dsr_1_60_sspa%3Fdchild%3D1%26keywords%3Djacket%2Bfor%2Bmen%26qid%3D1632973681%26sr%3D8-60-spons%26psc%3D1%26smid%3DA1X5BANENG2IRR&qualifier=1632973681&id=2400399201929582&widgetName=sp_btf
Men's Lightweight Flight Bomber Jacket Spring Fall Causal Softshell Windbreaker Coat Outerwear,/gp/slredirect/picassoRedirect.html/ref=pa_sp_atf_next_aps_sr_pg2_1?ie=UTF8&adId=A09092602PCKYXOXJMYR3&url=%2FMANSDOUR-Lightweight-Softshell-Windbreaker-Sportswear%2Fdp%2FB092ZCQ7W9%2Fref%3Dsr_1_49_sspa%3Fdchild%3D1%26keywords%3Djacket%2Bfor%2Bmen%26qid%3D1632973690%26sr%3D8-49-spons%26psc%3D1&qualifier=1632973690&id=1769627264752005&widgetName=sp_atf_next
Men's Fleece Hoodie Sweatshirt Thick Jacket Full Zip Up Winter Sherpa Coat,/gp/slredirect/picassoRedirect.html/ref=pa_sp_atf_next_aps_sr_pg2_1?ie=UTF8&adId=A062869214OE4H7UFQJ3G&url=%2FGEEK-LIGHTING-Fleece-Hoodie-Sweatshirt%2Fdp%2FB0991VLKD3%2Fref%3Dsr_1_50_sspa%3Fdchild%3D1%26keywords%3Djacket%2Bfor%2Bmen%26qid%3D1632973690%26sr%3D8-50-spons%26psc%3D1&qualifier=1632973690&id=1769627264752005&widgetName=sp_atf_next
Men's Lightweight Waterproof Hooded Rain Jacket Outdoor Raincoat Shell Jacket for Hiking Travel,/gp/slredirect/picassoRedirect.html/ref=pa_sp_atf_next_aps_sr_pg2_1?ie=UTF8&adId=A061977830TO04PQQ23V6&url=%2FLightweight-Waterproof-Hooded-Outdoor-Raincoat%2Fdp%2FB08F9RTSRM%2Fref%3Dsr_1_51_sspa%3Fdchild%3D1%26keywords%3Djacket%2Bfor%2Bmen%26qid%3D1632973690%26sr%3D8-51-spons%26psc%3D1&qualifier=1632973690&id=1769627264752005&widgetName=sp_atf_next
Men's Winter Jackets Bomber Jacket Zipper Pockets Padded Coats Warm Windproof Outwear,/gp/slredirect/picassoRedirect.html/ref=pa_sp_atf_next_aps_sr_pg2_1?ie=UTF8&adId=A02182423KVNZPQXQMV5O&url=%2FBomber-Baseball-Jackets-Letterman-Varsity%2Fdp%2FB08KG8JFZ9%2Fref%3Dsr_1_52_sspa%3Fdchild%3D1%26keywords%3Djacket%2Bfor%2Bmen%26qid%3D1632973690%26sr%3D8-52-spons%26psc%3D1&qualifier=1632973690&id=1769627264752005&widgetName=sp_atf_next
"Men's Stockholm Down Puffer Jacket, Fill Power 700",/Marmot-Stockholm-Puffer-Jacket-Medium/dp/B075LG8B2F/ref=sr_1_53?dchild=1&keywords=jacket+for+men&qid=1632973690&sr=8-53
Men's Epic Training Jacket,/NIKE-Jacket-Black-Anthracite-White/dp/B07CH4DHJS/ref=sr_1_54?dchild=1&keywords=jacket+for+men&qid=1632973690&sr=8-54
Men's Faux Leather Jacket with Removable Hood Motorcycle Jacket Casual Vintage Warm Winter Coat,/Wantdo-Leather-Jacket-Removable-X-Large/dp/B00EZORGV8/ref=sr_1_55?dchild=1&keywords=jacket+for+men&qid=1632973690&sr=8-55
Men's Water Resistant Ultra Loft Filled Hooded Puffer Jacket,/Tommy-Hilfiger-Resistant-Midnight-Colorblock/dp/B08C7X87ZS/ref=sr_1_56?dchild=1&keywords=jacket+for+men&qid=1632973690&sr=8-56
Men's Full Zip Ultimate Heavyweight Hoodie,/Hanes-Ultimate-Heavyweight-Fleece-XXX-Large/dp/B00JUMFMAW/ref=sr_1_57?dchild=1&keywords=jacket+for+men&qid=1632973690&sr=8-57
Men's Faux Leather Sherpa Aviator Bomber Jacket,/Levis-Vintage-Leather-Sherpa-Aviator/dp/B07FK7G4F3/ref=sr_1_58?dchild=1&keywords=jacket+for+men&qid=1632973690&sr=8-58
Power Torque Jacket,/Zero-Restriction-Golf-Torque-Jacket/dp/B0781SS4JT/ref=sr_1_59?dchild=1&keywords=jacket+for+men&qid=1632973690&sr=8-59
"Mens Classic Full Zip Fleece Track Jacket, Color Options",/NIKE-Classic-Fleece-Options-X-Large/dp/B01EEQEYWU/ref=sr_1_60?dchild=1&keywords=jacket+for+men&qid=1632973690&sr=8-60
Men's Western Style Lined Denim Jacket,/Wrangler-Rustic-Sherpa-Lined-Jacket/dp/B005ABQFV2/ref=sr_1_61?dchild=1&keywords=jacket+for+men&qid=1632973690&sr=8-61
Men's Vernon 2.0 Softshell Jacket,/Ariat-Vernon-Softshell-Jacket-Black/dp/B077XZX4KV/ref=sr_1_62?dchild=1&keywords=jacket+for+men&qid=1632973690&sr=8-62
Summit Zero Men's Lightweight Soft Shell Jacket,/Condor-SUMMIT-Lightweight-Shell-Jacket/dp/B007WY01ZQ/ref=sr_1_63?dchild=1&keywords=jacket+for+men&qid=1632973690&sr=8-63
Men's Grays Torreys Insulated Jacket,/North-Face-Torreys-Insulated-Jacket/dp/B08MV9X6J8/ref=sr_1_64?dchild=1&keywords=jacket+for+men&qid=1632973690&sr=8-64
Men's Jacket-Lightweight Casual Spring Fall Thin Bomber Zip Pockets Coat Outwear,/gp/slredirect/picassoRedirect.html/ref=pa_sp_mtf_aps_sr_pg2_1?ie=UTF8&adId=A0725985R87IFJ8PQ1OA&url=%2FTACVASEN-Jacket-Lightweight-Sportwear-Varsity-Jacket%2Fdp%2FB07VKSRVXQ%2Fref%3Dsr_1_65_sspa%3Fdchild%3D1%26keywords%3Djacket%2Bfor%2Bmen%26qid%3D1632973690%26sr%3D8-65-spons%26psc%3D1&qualifier=1632973690&id=1769627264752005&widgetName=sp_mtf
Men's Softshell Jacket Full Zip Lightweight Casual Wear Outdoor Bomber Jacket,/gp/slredirect/picassoRedirect.html/ref=pa_sp_mtf_aps_sr_pg2_1?ie=UTF8&adId=A0750010AU4TJFVVY02V&url=%2FDISHANG-Softshell-Jakcet-Lightweight-Outdoor%2Fdp%2FB083DD5NBV%2Fref%3Dsr_1_66_sspa%3Fdchild%3D1%26keywords%3Djacket%2Bfor%2Bmen%26qid%3D1632973690%26sr%3D8-66-spons%26psc%3D1&qualifier=1632973690&id=1769627264752005&widgetName=sp_mtf
Men's Spring Fall Casual Windbreaker Jacket Cargo Stand Collar Military Bomber Jackets Coat,/gp/slredirect/picassoRedirect.html/ref=pa_sp_mtf_aps_sr_pg2_1?ie=UTF8&adId=A07268173303B3LAES1Q8&url=%2FCRYSULLY-Outdoor-Lightweight-Military-Jackets%2Fdp%2FB07N1M9KBS%2Fref%3Dsr_1_67_sspa%3Fdchild%3D1%26keywords%3Djacket%2Bfor%2Bmen%26qid%3D1632973690%26sr%3D8-67-spons%26psc%3D1&qualifier=1632973690&id=1769627264752005&widgetName=sp_mtf
mens Minimalist Lightweight Waterproof Rain Jacket,/Marmot-Mens-Minimalist-Jacket-Large/dp/B07V3NB8HL/ref=sr_1_68?dchild=1&keywords=jacket+for+men&qid=1632973690&sr=8-68
"Men's Hooded Parka Jacket, Water and Wind Resistant",/Nautica-Quilted-Hooded-Parka-Jacket/dp/B072R2S3Y9/ref=sr_1_69?dchild=1&keywords=jacket+for+men&qid=1632973690&sr=8-69
Men's Barrage Soft Shell Jacket,/Under-Armour-Barrage-Jacket-X-Large/dp/B076DG5GL4/ref=sr_1_70?dchild=1&keywords=jacket+for+men&qid=1632973690&sr=8-70
Men's Minimalist Lightweight Waterproof Rain Jacket,/Marmot-Minimalist-Jacket-Black-Large/dp/B078WGP7W6/ref=sr_1_71?dchild=1&keywords=jacket+for+men&qid=1632973690&sr=8-71
Men’s Venture 2 Waterproof Hooded Rain Jacket,/North-Face-Mens-Venture-Jacket/dp/B07TBSY4DJ/ref=sr_1_72?dchild=1&keywords=jacket+for+men&qid=1632973690&sr=8-72
"Men's Glennaker Lake Lined Rain Jacket,",/Columbia-Glennaker-Mountain-Bluestone-XX-Large/dp/B089F6LDY3/ref=sr_1_73?dchild=1&keywords=jacket+for+men&qid=1632973690&sr=8-73
Men's Tiro 21 Track Jacket,/adidas-Track-Jacket-Power-Medium/dp/B089K8FWZV/ref=sr_1_74?dchild=1&keywords=jacket+for+men&qid=1632973690&sr=8-74
Men's Journeyman Shirt Jacket,/Legendary-Whitetails-Journeyman-Rugged-Tobacco/dp/B00EUHD006/ref=sr_1_75?dchild=1&keywords=jacket+for+men&qid=1632973690&sr=8-75
Men’s Timberline Triple Interchange Winter Jacket,/Columbia-Timberline-Interchange-Jacquard-Texture/dp/B0814BJZKT/ref=sr_1_76?dchild=1&keywords=jacket+for+men&qid=1632973690&sr=8-76
Men's Concealed Carry Blanket Lined Denim Jacket,/Wrangler-Western-Concealed-Blanket-Vintage/dp/B07HCMFFZY/ref=sr_1_77?dchild=1&keywords=jacket+for+men&qid=1632973690&sr=8-77
Men's Barrage Soft Shell Jacket,/Under-Armour-Barrage-Jacket-Stealth/dp/B07CYPHS1G/ref=sr_1_78?dchild=1&keywords=jacket+for+men&qid=1632973690&sr=8-78
Men's Classic Fit Full-Zip Microfiber Jacket,/Chaps-Classic-Full-Zip-Microfiber-Crawford/dp/B01GOZURAM/ref=sr_1_79?dchild=1&keywords=jacket+for+men&qid=1632973690&sr=8-79
Men's Long Sleeve Running Shirts Full Zip UPF 50+ Jacket Hoodie with Pocket for Hiking Workout,/gp/slredirect/picassoRedirect.html/ref=pa_sp_mtf_aps_sr_pg2_1?ie=UTF8&adId=A02344622NRW76AATESH5&url=%2FBALEAF-Sleeve-Running-Shirts-Workout%2Fdp%2FB09B1ZJ33Z%2Fref%3Dsr_1_80_sspa%3Fdchild%3D1%26keywords%3Djacket%2Bfor%2Bmen%26qid%3D1632973690%26sr%3D8-80-spons%26psc%3D1&qualifier=1632973690&id=1769627264752005&widgetName=sp_mtf
Men's Winter Casual Thicken Multi-Pocket Outwear Jacket Coat With Removable Hood,/gp/slredirect/picassoRedirect.html/ref=pa_sp_mtf_aps_sr_pg2_1?ie=UTF8&adId=A06537143N0WQB4BW4FBZ&url=%2FCRYSULLY-Fashion-Sleeve-Lightweight-Military%2Fdp%2FB07VQYZ52R%2Fref%3Dsr_1_81_sspa%3Fdchild%3D1%26keywords%3Djacket%2Bfor%2Bmen%26qid%3D1632973690%26sr%3D8-81-spons%26psc%3D1%26smid%3DA2HAYHLPF6CED5&qualifier=1632973690&id=1769627264752005&widgetName=sp_mtf
Men's Cotton Lightweight Multi Pockets Zip Front Stand Collar Military Jackets Windbreaker,/gp/slredirect/picassoRedirect.html/ref=pa_sp_mtf_aps_sr_pg2_1?ie=UTF8&adId=A0266711RMUQUQ3OG1T4&url=%2FEKLENTSON-Military-Jackets-Outdoor-Windbreaker%2Fdp%2FB07GB9HVYC%2Fref%3Dsr_1_82_sspa%3Fdchild%3D1%26keywords%3Djacket%2Bfor%2Bmen%26qid%3D1632973690%26sr%3D8-82-spons%26psc%3D1&qualifier=1632973690&id=1769627264752005&widgetName=sp_mtf
65551 Men's Alpha 3.0 Jacket,/Helly-Hansen-Alpha-Jacket-Alert/dp/B07R2FKYNX/ref=sr_1_83?dchild=1&keywords=jacket+for+men&qid=1632973690&sr=8-83
Men's Cycling Running Jacket Waterproof Rain Windbreaker Reflective Lightweight Windproof Bike Golf Jacket,/BALEAF-Waterproof-Lightweight-Windbreaker-Fluorescent/dp/B083NP3VZT/ref=sr_1_84?dchild=1&keywords=jacket+for+men&qid=1632973690&sr=8-84
Men's Steens Mountain Printed Jacket,/Columbia-Steens-Mountain-Jacket-Blanket/dp/B08MQFMK42/ref=sr_1_85?dchild=1&keywords=jacket+for+men&qid=1632973690&sr=8-85
Men's Luxury Faux Fur Coat Jacket Winter Warm Long Coats Overwear Outwear,/Lafee-Bridal-Luxury-Overwear-Outwear/dp/B07H6CJ8K2/ref=sr_1_86?dchild=1&keywords=jacket+for+men&qid=1632973690&sr=8-86
Men's Hooded Performance Fleece Jacket,/Tommy-Hilfiger-Hooded-Performance-Fleece/dp/B07GZ4NNN3/ref=sr_1_87?dchild=1&keywords=jacket+for+men&qid=1632973690&sr=8-87
Men's Apex Chromium Thermal Jacket,/North-Face-Chromium-Thermal-Asphalt/dp/B01AJ4K4GG/ref=sr_1_88?dchild=1&keywords=jacket+for+men&qid=1632973690&sr=8-88
Men's Junction Insulated Jacket,/North-Face-Junction-Insulated-Jacket/dp/B097NHV8SZ/ref=sr_1_89?dchild=1&keywords=jacket+for+men&qid=1632973690&sr=8-89
Men's Quilted Shirt Jacket,/Amazon-Essentials-Standard-Quilted-Jacket/dp/B07NLN2Z1B/ref=sr_1_90?dchild=1&keywords=jacket+for+men&qid=1632973690&sr=8-90
Men's Steens Mountain Full Zip 2.0 Soft Fleece Jacket,/Columbia-Steens-Mountain-Surplus-X-Large/dp/B0084AWSBC/ref=sr_1_91?dchild=1&keywords=jacket+for+men&qid=1632973690&sr=8-91
Men's Windproof Bomber Jackets Lightweight Running Windbreaker Outdoor Golf Fashion Coat,/TBMPOY-Windproof-Lightweight-Breathable-Windbreaker/dp/B08FM31YJC/ref=sr_1_92?dchild=1&keywords=jacket+for+men&qid=1632973690&sr=8-92
Men's Lightweight Waterproof Hooded Rain Jacket Outdoor Raincoat Shell Jacket for Hiking Travel,/Lightweight-Waterproof-Hooded-Outdoor-Raincoat/dp/B08F9W2M7S/ref=sr_1_93?dchild=1&keywords=jacket+for+men&qid=1632973690&sr=8-93
Men's PFG Storm Jacket,/Columbia-Storm-Jacket-Large-Black/dp/B00QRWNJXK/ref=sr_1_94?dchild=1&keywords=jacket+for+men&qid=1632973690&sr=8-94
33874 Men's Crew Hooded Midlayer Jacket,/Helly-Hansen-Waterproof-Windproof-Breathable/dp/B01M247GDO/ref=sr_1_95?dchild=1&keywords=jacket+for+men&qid=1632973690&sr=8-95
Men's Short Sleeve Launch Cage Jacket,/Rawlings-LNCCJ-N-93-Navy-3X-Large/dp/B07DWXS389/ref=sr_1_96?dchild=1&keywords=jacket+for+men&qid=1632973690&sr=8-96
Men's Retro Unlined Stretch Denim Jacket,/Wrangler-Unlined-Stretch-Bozeman-X-Large/dp/B081W8DRZW/ref=sr_1_97?dchild=1&keywords=jacket+for+men&qid=1632973690&sr=8-97
Men's Soccer Condivo 18 Stadium Parka Jacket,/adidas-Soccer-Condivo-Stadium-Jacket/dp/B079SPK9CV/ref=sr_1_98?dchild=1&keywords=jacket+for+men&qid=1632973690&sr=8-98
Men's Flash Forward Windbreaker,/Columbia-Mens-Flashback-Windbreaker-Black/dp/B0731NJXBN/ref=sr_1_99?dchild=1&keywords=jacket+for+men&qid=1632973690&sr=8-99
Mens Last Tracks Jacket,/Columbia-Mens-Last-Tracks-Jacket/dp/B0814B6HFV/ref=sr_1_100?dchild=1&keywords=jacket+for+men&qid=1632973690&sr=8-100
Men's Hooded Puffer Jacket,/Tommy-Hilfiger-Classic-Hooded-Heather/dp/B01L0B0EDK/ref=sr_1_101?dchild=1&keywords=jacket+for+men&qid=1632973690&sr=8-101
Men's TKA Glacier Full Zip Jacket,/North-Face-Mens-Glacier-Jacket/dp/B07MXLGC1N/ref=sr_1_102?dchild=1&keywords=jacket+for+men&qid=1632973690&sr=8-102
"Men's Roan Mountain Jacket, Waterproof, Hooded",/Columbia-Mountain-Jacket-Black-X-Large/dp/B00LHJLIWW/ref=sr_1_103?dchild=1&keywords=jacket+for+men&qid=1632973690&sr=8-103
Men's Bugaboo II Fleece Interchange Jacket,/Columbia-Bugaboo-Fleece-Interchange-Jacket/dp/B0786FMC39/ref=sr_1_104?dchild=1&keywords=jacket+for+men&qid=1632973690&sr=8-104
Men's Waterproof Ski Jacket Warm Winter Snow Coat Hooded Raincoat,/Waterproof-Jacket-Winter-Hooded-Raincoat/dp/B08GHNMT2W/ref=sr_1_105?dchild=1&keywords=jacket+for+men&qid=1632973690&sr=8-105
Men's Northern Utilizer Jacket,/Columbia-Northern-Utilizer-Jacket-Medium/dp/B0814BKFMT/ref=sr_1_106?dchild=1&keywords=jacket+for+men&qid=1632973690&sr=8-106
Men's Cycling Bike Jackets Windproof Full Zip Fleece Jacket Outdoor Raincoat Shell,/gp/slredirect/picassoRedirect.html/ref=pa_sp_btf_aps_sr_pg2_1?ie=UTF8&adId=A10357402TOEKRTQX43T1&url=%2FWantdo-Waterproof-Outdoor-Sportwear-Windproof%2Fdp%2FB07XRPHBJR%2Fref%3Dsr_1_107_sspa%3Fdchild%3D1%26keywords%3Djacket%2Bfor%2Bmen%26qid%3D1632973690%26sr%3D8-107-spons%26psc%3D1&qualifier=1632973690&id=1769627264752005&widgetName=sp_btf
Men's Tactical Jacket Winter Snow Ski Jacket Water Resistant Softshell Fleece Lined Winter Coats Multi-Pockets,/gp/slredirect/picassoRedirect.html/ref=pa_sp_btf_aps_sr_pg2_1?ie=UTF8&adId=A00869845V0431BR2BLL&url=%2FMAGCOMSEN-Tactical-Softshell-Military-Jackets%2Fdp%2FB07BHFSW6J%2Fref%3Dsr_1_108_sspa%3Fdchild%3D1%26keywords%3Djacket%2Bfor%2Bmen%26qid%3D1632973690%26sr%3D8-108-spons%26psc%3D1&qualifier=1632973690&id=1769627264752005&widgetName=sp_btf
Men's Fleece Hoodie Sweatshirt Thick Jacket Full Zip Up Winter Sherpa Coat,/gp/slredirect/picassoRedirect.html/ref=pa_sp_atf_next_aps_sr_pg3_1?ie=UTF8&adId=A062869214OE4H7UFQJ3G&url=%2FGEEK-LIGHTING-Fleece-Hoodie-Sweatshirt%2Fdp%2FB0991VLKD3%2Fref%3Dsr_1_97_sspa%3Fdchild%3D1%26keywords%3Djacket%2Bfor%2Bmen%26qid%3D1632973698%26sr%3D8-97-spons%26psc%3D1&qualifier=1632973698&id=8376399890819358&widgetName=sp_atf_next
Men's Waterproof Elements Hardshell Jacket,/gp/slredirect/picassoRedirect.html/ref=pa_sp_atf_next_aps_sr_pg3_1?ie=UTF8&adId=A00151281WTZLEAT7PJPL&url=%2FShowers-Pass-Waterproof-Elements-Hardshell%2Fdp%2FB08KHPVN19%2Fref%3Dsr_1_98_sspa%3Fdchild%3D1%26keywords%3Djacket%2Bfor%2Bmen%26qid%3D1632973698%26sr%3D8-98-spons%26psc%3D1&qualifier=1632973698&id=8376399890819358&widgetName=sp_atf_next
Men's Bomber Windbreaker Jacket Lightweight Water Resistant Full Zip Casual Athletic Coats Slim Fit,/gp/slredirect/picassoRedirect.html/ref=pa_sp_atf_next_aps_sr_pg3_1?ie=UTF8&adId=A0935817PYNNUVRXZAS8&url=%2FBASUDAM-Windbreaker-Lightweight-Resistant-Athletic%2Fdp%2FB09CPCF8T9%2Fref%3Dsr_1_99_sspa%3Fdchild%3D1%26keywords%3Djacket%2Bfor%2Bmen%26qid%3D1632973698%26sr%3D8-99-spons%26psc%3D1&qualifier=1632973698&id=8376399890819358&widgetName=sp_atf_next
Men's Lightweight Waterproof Hooded Rain Jacket Outdoor Raincoat Shell Jacket for Hiking Travel,/gp/slredirect/picassoRedirect.html/ref=pa_sp_atf_next_aps_sr_pg3_1?ie=UTF8&adId=A061977830TO04PQQ23V6&url=%2FLightweight-Waterproof-Hooded-Outdoor-Raincoat%2Fdp%2FB08F9RTSRM%2Fref%3Dsr_1_100_sspa%3Fdchild%3D1%26keywords%3Djacket%2Bfor%2Bmen%26qid%3D1632973698%26sr%3D8-100-spons%26psc%3D1&qualifier=1632973698&id=8376399890819358&widgetName=sp_atf_next
Men's Cycling Running Jacket Waterproof Rain Windbreaker Reflective Lightweight Windproof Bike Golf Jacket,/BALEAF-Waterproof-Lightweight-Windbreaker-Fluorescent/dp/B083NP3VZT/ref=sr_1_101?dchild=1&keywords=jacket+for+men&qid=1632973698&sr=8-101
Men's Hooded Puffer Jacket,/Tommy-Hilfiger-Classic-Hooded-Heather/dp/B01L0B0EDK/ref=sr_1_102?dchild=1&keywords=jacket+for+men&qid=1632973698&sr=8-102
Men's Short Sleeve Launch Cage Jacket,/Rawlings-LNCCJ-N-93-Navy-3X-Large/dp/B07DWXS389/ref=sr_1_103?dchild=1&keywords=jacket+for+men&qid=1632973698&sr=8-103
Men's TKA Glacier Full Zip Jacket,/North-Face-Mens-Glacier-Jacket/dp/B07MXLGC1N/ref=sr_1_104?dchild=1&keywords=jacket+for+men&qid=1632973698&sr=8-104
"Men's Roan Mountain Jacket, Waterproof, Hooded",/Columbia-Mountain-Jacket-Black-X-Large/dp/B00LHJLIWW/ref=sr_1_105?dchild=1&keywords=jacket+for+men&qid=1632973698&sr=8-105
Men's Jetstream Jacket,/Jetstream-Jacket-Optifade-Country-XXX-Large/dp/B004I6EPJO/ref=sr_1_106?dchild=1&keywords=jacket+for+men&qid=1632973698&sr=8-106
Men's Northern Utilizer Jacket,/Columbia-Northern-Utilizer-Jacket-Medium/dp/B0814BKFMT/ref=sr_1_107?dchild=1&keywords=jacket+for+men&qid=1632973698&sr=8-107
Men's Minimalist Lightweight Waterproof Rain Jacket,/Marmot-Minimalist-Jacket-Black-Large/dp/B078WGP7W6/ref=sr_1_108?dchild=1&keywords=jacket+for+men&qid=1632973698&sr=8-108
mens Faux Lamb Leather Moto Jacket With Removable Hood and Bib,/Calvin-Klein-Leather-Jacket-Hoodie/dp/B00JGEGX02/ref=sr_1_109?dchild=1&keywords=jacket+for+men&qid=1632973698&sr=8-109
Men's Bugaboo II Fleece Interchange Jacket,/Columbia-Bugaboo-Fleece-Interchange-Jacket/dp/B0781Z5SJH/ref=sr_1_110?dchild=1&keywords=jacket+for+men&qid=1632973698&sr=8-110
Dry Men's Dri-Fit Team Woven Training Jacket Navy AJ3372 418,/Nike-Dri-Fit-Training-Jacket-AJ3372/dp/B08TSTYWWZ/ref=sr_1_111?dchild=1&keywords=jacket+for+men&qid=1632973698&sr=8-111
Heated Soft Shell Jacket Kit,/DEWALT-DCHJ060ABD1-XL-Heated-Shell-Jacket/dp/B07HDMGC2K/ref=sr_1_112?dchild=1&keywords=jacket+for+men&qid=1632973698&sr=8-112
Men's Zip Off Gradient Water Resistant Jacket,/gp/slredirect/picassoRedirect.html/ref=pa_sp_mtf_aps_sr_pg3_1?ie=UTF8&adId=A0190287IDOFT6NS96EP&url=%2FKrumba-Gradient-Water-Resistant-Jacket%2Fdp%2FB0922GS8NY%2Fref%3Dsr_1_113_sspa%3Fdchild%3D1%26keywords%3Djacket%2Bfor%2Bmen%26qid%3D1632973698%26sr%3D8-113-spons%26psc%3D1&qualifier=1632973698&id=8376399890819358&widgetName=sp_mtf
Men's lightweight Hybrid Jacket Insulated Warm Puffer Jacket For Running Hiking Water Resistant,/gp/slredirect/picassoRedirect.html/ref=pa_sp_mtf_aps_sr_pg3_1?ie=UTF8&adId=A03026174N8K2MHVURIT&url=%2FBALEAF-lightweight-Insulated-Running-Resistant%2Fdp%2FB0995KYXQ1%2Fref%3Dsr_1_114_sspa%3Fdchild%3D1%26keywords%3Djacket%2Bfor%2Bmen%26qid%3D1632973698%26sr%3D8-114-spons%26psc%3D1&qualifier=1632973698&id=8376399890819358&widgetName=sp_mtf
Bel Air 23 Mens Baseball Jacket Slim Fit Varsity Highschool Bomber Premium Jackets Long Sleeve Tops -Black,/gp/slredirect/picassoRedirect.html/ref=pa_sp_mtf_aps_sr_pg3_1?ie=UTF8&adId=A0710523134PR3OYNPAHQ&url=%2FBaseball-Varsity-Highschool-Premium-Xx-Large%2Fdp%2FB09CDL57Q2%2Fref%3Dsr_1_115_sspa%3Fdchild%3D1%26keywords%3Djacket%2Bfor%2Bmen%26qid%3D1632973698%26sr%3D8-115-spons%26psc%3D1&qualifier=1632973698&id=8376399890819358&widgetName=sp_mtf
Men's Waterproof Ski Jacket Warm Winter Snow Coat Hooded Raincoat,/Waterproof-Jacket-Winter-Hooded-Raincoat/dp/B08GHNMT2W/ref=sr_1_116?dchild=1&keywords=jacket+for+men&qid=1632973698&sr=8-116
Men's City Down Puffer Jacket,/Cole-Haan-Mens-City-Jacket/dp/B07RKW8BYB/ref=sr_1_117?dchild=1&keywords=jacket+for+men&qid=1632973698&sr=8-117
Men's Western Unlined Denim Jacket,/Wrangler-Unlined-Denim-Jacket-Large/dp/B0058SJP5A/ref=sr_1_118?dchild=1&keywords=jacket+for+men&qid=1632973698&sr=8-118
Waterproof Golf Rain Suits for Men Performance Rain Jackets and Pants for All Sports,/fit-space-Waterproof-Jacket-Full-Zip/dp/B07N65ZKGR/ref=sr_1_119?dchild=1&keywords=jacket+for+men&qid=1632973698&sr=8-119
Men's Classic Faux Leather Jacket,/Tommy-Hilfiger-Classic-Leather-X-Large/dp/B0757YLQKR/ref=sr_1_120?dchild=1&keywords=jacket+for+men&qid=1632973698&sr=8-120
Men's Voodoo Fall 590 Turbodown Jacket,/Columbia-Voodoo-Falls-TurboDown-Jacket/dp/B01884XTNE/ref=sr_1_121?dchild=1&keywords=jacket+for+men&qid=1632973698&sr=8-121
Men's Guides Down Winter Jacket,/Marmot-Guides-Winter-Puffer-X-Large/dp/B075LFKKRT/ref=sr_1_122?dchild=1&keywords=jacket+for+men&qid=1632973698&sr=8-122
Men's Special Ops Military Tactical Soft Shell Jacket Coat,/TACVASEN-Classic-Outwear-Softshell-Tactical/dp/B07417DRF5/ref=sr_1_123?dchild=1&keywords=jacket+for+men&qid=1632973698&sr=8-123
Men's Smooth Lamb Faux Leather Unfilled Bomber Jacket,/Tommy-Hilfiger-Smooth-Leather-Unfilled/dp/B01L08XWBE/ref=sr_1_124?dchild=1&keywords=jacket+for+men&qid=1632973698&sr=8-124
Men's Zipper Up Casual Light Weight Flight Bomber Jackets,/Hzcx-Fashion-2016123102-60-OL-US-TAG-3XL/dp/B01NCS0RW1/ref=sr_1_125?dchild=1&keywords=jacket+for+men&qid=1632973698&sr=8-125
Men's Rugged Wear Flannel Lined Denim Jacket,/Wrangler-Rugged-Flannel-Antique-XX-Large/dp/B00CZ737RY/ref=sr_1_126?dchild=1&keywords=jacket+for+men&qid=1632973698&sr=8-126
Men's Insulated Eisenhower Front-Zip Jacket,/Dickies-Insulated-Eisenhower-Front-Zip-Regular/dp/B002R0B9LK/ref=sr_1_127?dchild=1&keywords=jacket+for+men&qid=1632973698&sr=8-127
Men's Softshell Windproof Jacket Outdoor Fleece-Lined Water Resistant Coat Winter Outerwear,/gp/slredirect/picassoRedirect.html/ref=pa_sp_mtf_aps_sr_pg3_1?ie=UTF8&adId=A092959431DN6C41P2B0I&url=%2FTBMPOY-Softshell-Mountain-Waterproof-Outerwear%2Fdp%2FB07Y6D8S4T%2Fref%3Dsr_1_128_sspa%3Fdchild%3D1%26keywords%3Djacket%2Bfor%2Bmen%26qid%3D1632973698%26sr%3D8-128-spons%26psc%3D1&qualifier=1632973698&id=8376399890819358&widgetName=sp_mtf
Men's Classic Soft Knitted Cardigan Sweaters Zip Thick Hooded Jacket Stripe Coat With Pocket,/gp/slredirect/picassoRedirect.html/ref=pa_sp_mtf_aps_sr_pg3_1?ie=UTF8&adId=A03807101MFH13Z3071LX&url=%2FClassic-Knitted-Cardigan-Sweaters-Hooded%2Fdp%2FB098DXXMGC%2Fref%3Dsr_1_129_sspa%3Fdchild%3D1%26keywords%3Djacket%2Bfor%2Bmen%26qid%3D1632973698%26sr%3D8-129-spons%26psc%3D1&qualifier=1632973698&id=8376399890819358&widgetName=sp_mtf
"Men's Softshell Jacket, Variety",/gp/slredirect/picassoRedirect.html/ref=pa_sp_mtf_aps_sr_pg3_1?ie=UTF8&adId=A0676650ZVYD41169D6S&url=%2FKirkland-Signature-Softshell-Jacket-Variety%2Fdp%2FB0834F2NM6%2Fref%3Dsr_1_130_sspa%3Fdchild%3D1%26keywords%3Djacket%2Bfor%2Bmen%26qid%3D1632973698%26sr%3D8-130-spons%26psc%3D1%26smid%3DAHZJ62UUNW0LP&qualifier=1632973698&id=8376399890819358&widgetName=sp_mtf
Men's Vintage Fit Trucker Jacket,/Levis-Virgil-Trucker-V-Black/dp/B08HR3S7G7/ref=sr_1_131?dchild=1&keywords=jacket+for+men&qid=1632973698&sr=8-131
Men's Bomber Jackets Lightweight Windbreaker Spring Fall Full Zip Active Coat Outwear,/TACVASEN-Outdoor-Jackets-Classic-Softshell/dp/B089B3YH4X/ref=sr_1_132?dchild=1&keywords=jacket+for+men&qid=1632973698&sr=8-132
Men's Canyonlands Hoodie Sweatshirt,/North-Face-Canyonlands-Hoodie-Heather/dp/B07LC6G2SR/ref=sr_1_133?dchild=1&keywords=jacket+for+men&qid=1632973698&sr=8-133
Men's Canyonlands Full Zip Jacket,/North-Face-Canyonlands-Heather-X-Large/dp/B07FPRVV82/ref=sr_1_134?dchild=1&keywords=jacket+for+men&qid=1632973698&sr=8-134
"Men's Drop Line, Lightweight 100-Weight Sweater Fleece Jacket",/Marmot-Jacket-Lightweight-100-Weight-Sweater/dp/B075LC96R2/ref=sr_1_135?dchild=1&keywords=jacket+for+men&qid=1632973698&sr=8-135
Men's Tnp Bzi Jacket,/Oakley-Mens-Jacket-Black-White/dp/B082WFDF5K/ref=sr_1_136?dchild=1&keywords=jacket+for+men&qid=1632973698&sr=8-136
"Men's Rainfoil Packable Jacket, Dark Smoke XL",/Eddie-Bauer-Rainfoil-Packable-Regular/dp/B01NCZ2GR6/ref=sr_1_137?dchild=1&keywords=jacket+for+men&qid=1632973698&sr=8-137
Men's Aconcagua Insulated Jacket,/North-Face-Aconcagua-Jacket-Black/dp/B08BDV7K8Q/ref=sr_1_138?dchild=1&keywords=jacket+for+men&qid=1632973698&sr=8-138
Men's Standard Water-Resistant Zip-Front Golf Jacket,/Amazon-Essentials-Standard-Water-Resistant-Zip-Front/dp/B07N4JQH7M/ref=sr_1_139?dchild=1&keywords=jacket+for+men&qid=1632973698&sr=8-139
Men's Ridge Gates Jacket,/Columbia-Ridge-Jacket-Waterproof-Breathable/dp/B089K5GBY8/ref=sr_1_140?dchild=1&keywords=jacket+for+men&qid=1632973698&sr=8-140
Men's Toadz HD Rockslide Waterproof Breathable Rain Jacket,/Frogg-Toggs-Rockslide-Jacket-XX-Large/dp/B077PGZDML/ref=sr_1_141?dchild=1&keywords=jacket+for+men&qid=1632973698&sr=8-141
Men's Water-Resistant Softshell Jacket fit by DXL,/Amazon-Essentials-Water-Resistant-Softshell-Jacket/dp/B07HB1PQ7N/ref=sr_1_142?dchild=1&keywords=jacket+for+men&qid=1632973698&sr=8-142
Heated Jacket with Battery Pack Winter Outdoor Soft Shell Electric Heating Coat,/DEWBU-Shell-Heated-Jacket-Battery/dp/B07HRCZSYS/ref=sr_1_143?dchild=1&keywords=jacket+for+men&qid=1632973698&sr=8-143
Men's Rugged Wear Flannel Lined Denim Jacket,/Wrangler-Rugged-Flannel-Jacket-Antique/dp/B00CZ738WS/ref=sr_1_144?dchild=1&keywords=jacket+for+men&qid=1632973698&sr=8-144
Men's Essentials 3-Stripes Tricot Track Jacket,/adidas-Essentials-3-Stripes-Tricot-Jacket/dp/B07FDDWHCC/ref=sr_1_145?dchild=1&keywords=jacket+for+men&qid=1632973698&sr=8-145
Men's White Out II Insulated Omni Heat Hooded Jacket,/Columbia-White-Insulated-Hooded-Jacket/dp/B07XHNGF97/ref=sr_1_146?dchild=1&keywords=jacket+for+men&qid=1632973698&sr=8-146
Men's Altier Down Triclimate Jacket,/North-Face-Altier-Triclimate-Jacket/dp/B097NJGQ5T/ref=sr_1_147?dchild=1&keywords=jacket+for+men&qid=1632973698&sr=8-147
Men's Solitude Insulated Jacket,/First-Lite-Solitude-Insulated-Jacket/dp/B0977XD7PX/ref=sr_1_148?dchild=1&keywords=jacket+for+men&qid=1632973698&sr=8-148
Men's Dry Fit Academy 19 Jacket,/Nike-Academy-Dri-Fit-Jacket-Obsidian/dp/B000G425GW/ref=sr_1_149?dchild=1&keywords=jacket+for+men&qid=1632973698&sr=8-149
Men's Apex Bionic 2 Jacket,/North-Face-Bionic-Aviator-Heather/dp/B08BF81QZ2/ref=sr_1_150?dchild=1&keywords=jacket+for+men&qid=1632973698&sr=8-150
Men's The Trucker Jacket,/Levis-Trucker-Jacket-Small-Nightwatch/dp/B01M2XF3LV/ref=sr_1_151?dchild=1&keywords=jacket+for+men&qid=1632973698&sr=8-151
Men's Corduroy Sherpa Trucker Jacket,/Levis-Corduroy-Sherpa-Trucker-Jacket/dp/B07FMK2NY9/ref=sr_1_152?dchild=1&keywords=jacket+for+men&qid=1632973698&sr=8-152
Mens Crew Hooded Waterproof Sailing Jacket,/Helly-Hansen-Hooded-Jacket-White/dp/B01N6DO5A6/ref=sr_1_153?dchild=1&keywords=jacket+for+men&qid=1632973698&sr=8-153
Men's Logo 2.0 Softshell Jacket,/Ariat-Mens-Softshell-Jacket-Black/dp/B0793HW1SH/ref=sr_1_154?dchild=1&keywords=jacket+for+men&qid=1632973698&sr=8-154
Men's Lightweight Flight Bomber Jacket Spring Fall Causal Softshell Windbreaker Coat Outerwear,/gp/slredirect/picassoRedirect.html/ref=pa_sp_btf_aps_sr_pg3_1?ie=UTF8&adId=A09092602PCKYXOXJMYR3&url=%2FMANSDOUR-Lightweight-Softshell-Windbreaker-Sportswear%2Fdp%2FB092ZCQ7W9%2Fref%3Dsr_1_155_sspa%3Fdchild%3D1%26keywords%3Djacket%2Bfor%2Bmen%26qid%3D1632973698%26sr%3D8-155-spons%26psc%3D1&qualifier=1632973698&id=8376399890819358&widgetName=sp_btf
Walker Breathable Waterproof Fishing Hunting Wading Jackets with Silent Outer Fabric for Men Women in 7 Sizes,/gp/slredirect/picassoRedirect.html/ref=pa_sp_btf_aps_sr_pg3_1?ie=UTF8&adId=A03711563DRCM962E15XK&url=%2FBassdash-Breathable-Waterproof-Fishing-Hunting%2Fdp%2FB08Q7TM3BM%2Fref%3Dsr_1_156_sspa%3Fdchild%3D1%26keywords%3Djacket%2Bfor%2Bmen%26qid%3D1632973698%26sr%3D8-156-spons%26psc%3D1&qualifier=1632973698&id=8376399890819358&widgetName=sp_btf
Men's Fleece Hoodie Sweatshirt Thick Jacket Full Zip Up Winter Sherpa Coat,/gp/slredirect/picassoRedirect.html/ref=pa_sp_atf_next_aps_sr_pg4_1?ie=UTF8&adId=A062869214OE4H7UFQJ3G&url=%2FGEEK-LIGHTING-Fleece-Hoodie-Sweatshirt%2Fdp%2FB0991VLKD3%2Fref%3Dsr_1_145_sspa%3Fdchild%3D1%26keywords%3Djacket%2Bfor%2Bmen%26qid%3D1632973705%26sr%3D8-145-spons%26psc%3D1&qualifier=1632973705&id=472826779241797&widgetName=sp_atf_next
Men’s Casual Long Sleeve Track Jackets Zipper Sports Varsity Jacket,/gp/slredirect/picassoRedirect.html/ref=pa_sp_atf_next_aps_sr_pg4_1?ie=UTF8&adId=A07166633M3VFO8BW4JBD&url=%2FHOOD-CREW-Casual-Jackets-Varsity%2Fdp%2FB094YG5H95%2Fref%3Dsr_1_146_sspa%3Fdchild%3D1%26keywords%3Djacket%2Bfor%2Bmen%26qid%3D1632973705%26sr%3D8-146-spons%26psc%3D1&qualifier=1632973705&id=472826779241797&widgetName=sp_atf_next
Men's Winter Jackets Bomber Jacket Zipper Pockets Padded Coats Warm Windproof Outwear,/gp/slredirect/picassoRedirect.html/ref=pa_sp_atf_next_aps_sr_pg4_1?ie=UTF8&adId=A08801012FOLKYVE60KI9&url=%2FMAGCOMSEN-Varsity-Jacket-Jackets-Baseball%2Fdp%2FB07VFNZBQ2%2Fref%3Dsr_1_147_sspa%3Fdchild%3D1%26keywords%3Djacket%2Bfor%2Bmen%26qid%3D1632973705%26sr%3D8-147-spons%26psc%3D1%26smid%3DA3U9RCE56GV0D0&qualifier=1632973705&id=472826779241797&widgetName=sp_atf_next
Men's UPF 50+ Jacket Hoodie Sun Protection Long Sleeve Light Full Zip UV Shirt with Pockets Fishing Hiking Outdoor,/gp/slredirect/picassoRedirect.html/ref=pa_sp_atf_next_aps_sr_pg4_1?ie=UTF8&adId=A04140623MPUCQVCIJUVZ&url=%2FDeyeek-Protection-Pockets-Fishing-Outdoor%2Fdp%2FB098K38KRJ%2Fref%3Dsr_1_148_sspa%3Fdchild%3D1%26keywords%3Djacket%2Bfor%2Bmen%26qid%3D1632973705%26sr%3D8-148-spons%26psc%3D1&qualifier=1632973705&id=472826779241797&widgetName=sp_atf_next
Men's Canyonlands Full Zip Jacket,/North-Face-Canyonlands-Black-X-Large/dp/B07LC4CY3P/ref=sr_1_149?dchild=1&keywords=jacket+for+men&qid=1632973705&sr=8-149
Men's Lightweight Full Zip Soft Polar Fleece Jacket Outdoor Recreation Coat With Zipper Pockets,/Lightweight-Fleece-Outdoor-Recreation-Pockets/dp/B098D6XW7R/ref=sr_1_150?dchild=1&keywords=jacket+for+men&qid=1632973705&sr=8-150
Men's Smooth Lamb Faux Leather Unfilled Bomber Jacket,/Tommy-Hilfiger-Smooth-Leather-Unfilled/dp/B01L08XWBE/ref=sr_1_151?dchild=1&keywords=jacket+for+men&qid=1632973705&sr=8-151
Men's Corduroy Sherpa Trucker Jacket,/Levis-Corduroy-Sherpa-Trucker-Jacket/dp/B07FMK2NY9/ref=sr_1_152?dchild=1&keywords=jacket+for+men&qid=1632973705&sr=8-152
Men's Moss Rain Coat,/Helly-Hansen-Mens-Moss-X-Large/dp/B07F2Q63XX/ref=sr_1_153?dchild=1&keywords=jacket+for+men&qid=1632973705&sr=8-153
Men's Duck Detroit Jacket (Regular and Big & Tall Sizes),/Carhartt-Detroit-Jacket-Regular-Medium/dp/B07S18XZT5/ref=sr_1_154?dchild=1&keywords=jacket+for+men&qid=1632973705&sr=8-154
Men's Zipper Up Casual Light Weight Flight Bomber Jackets,/Hzcx-Fashion-2016123102-60-OL-US-TAG-3XL/dp/B01NCS0RW1/ref=sr_1_155?dchild=1&keywords=jacket+for+men&qid=1632973705&sr=8-155
Men's Denim Trucker Jacket,/Calvin-Klein-Essential-Trucker-X-Large/dp/B0815V99SV/ref=sr_1_156?dchild=1&keywords=jacket+for+men&qid=1632973705&sr=8-156
"Men's Whirlibird IV Interchange Jacket, Waterproof & Breathable",/Columbia-Whirlibird-Interchange-Waterproof-Breathable/dp/B07SWSR4DQ/ref=sr_1_157?dchild=1&keywords=jacket+for+men&qid=1632973705&sr=8-157
Men's Jacket-Casual Winter Cotton Military Jacket Thicken Hooded Cargo Coat,/TACVASEN-Jackets-Winter-Military-Outdoor/dp/B07L57PG34/ref=sr_1_158?dchild=1&keywords=jacket+for+men&qid=1632973705&sr=8-158
Men's Active Jacket J130 (Regular and Big & Tall Sizes),/Carhartt-Active-Jacket-Regular-Sizes/dp/B07S193P3W/ref=sr_1_159?dchild=1&keywords=jacket+for+men&qid=1632973705&sr=8-159
Men's Constant,/Spyder-Active-Sports-Constant-Black/dp/B084BT68ZN/ref=sr_1_160?dchild=1&keywords=jacket+for+men&qid=1632973705&sr=8-160
Men's Jacket-Lightweight Casual Spring Fall Thin Bomber Zip Pockets Coat Outwear,/gp/slredirect/picassoRedirect.html/ref=pa_sp_mtf_aps_sr_pg4_1?ie=UTF8&adId=A07265652QQFQHOPPZZK9&url=%2FTACVASEN-Lightweight-Jacket-Softshell-Flight%2Fdp%2FB07VNDW5HX%2Fref%3Dsr_1_161_sspa%3Fdchild%3D1%26keywords%3Djacket%2Bfor%2Bmen%26qid%3D1632973705%26sr%3D8-161-spons%26psc%3D1&qualifier=1632973705&id=472826779241797&widgetName=sp_mtf
Men's Lightweight Flight Bomber Jacket Spring Fall Causal Softshell Windbreaker Coat Outerwear,/gp/slredirect/picassoRedirect.html/ref=pa_sp_mtf_aps_sr_pg4_1?ie=UTF8&adId=A09092602PCKYXOXJMYR3&url=%2FMANSDOUR-Lightweight-Softshell-Windbreaker-Sportswear%2Fdp%2FB092ZCQ7W9%2Fref%3Dsr_1_162_sspa%3Fdchild%3D1%26keywords%3Djacket%2Bfor%2Bmen%26qid%3D1632973705%26sr%3D8-162-spons%26psc%3D1&qualifier=1632973705&id=472826779241797&widgetName=sp_mtf
Men's Lightweight Waterproof Hooded Rain Jacket Outdoor Raincoat Shell Jacket for Hiking Travel,/gp/slredirect/picassoRedirect.html/ref=pa_sp_mtf_aps_sr_pg4_1?ie=UTF8&adId=A061977830TO04PQQ23V6&url=%2FLightweight-Waterproof-Hooded-Outdoor-Raincoat%2Fdp%2FB08F9RTSRM%2Fref%3Dsr_1_163_sspa%3Fdchild%3D1%26keywords%3Djacket%2Bfor%2Bmen%26qid%3D1632973705%26sr%3D8-163-spons%26psc%3D1&qualifier=1632973705&id=472826779241797&widgetName=sp_mtf
Men's Rugged Wear Flannel Lined Denim Jacket,/Wrangler-Rugged-Flannel-Jacket-Antique/dp/B00CZ738WS/ref=sr_1_164?dchild=1&keywords=jacket+for+men&qid=1632973705&sr=8-164
"Men's Hooded Parka Jacket, Water and Wind Resistant",/Nautica-Quilted-Hooded-Parka-Jacket/dp/B072R2S3Y9/ref=sr_1_165?dchild=1&keywords=jacket+for+men&qid=1632973705&sr=8-165
Men's Hooded Rip Stop Water and Wind Resistant Jacket with Fleece Bib,/Calvin-Klein-Hooded-Resistant-XX-Large/dp/B08ZNY57DW/ref=sr_1_166?dchild=1&keywords=jacket+for+men&qid=1632973705&sr=8-166
Men's Rebar Storm Fighter Waterproof Jacket,/ARIAT-Rebar-Fighter-Waterproof-Jacket/dp/B07HL7RVVV/ref=sr_1_167?dchild=1&keywords=jacket+for+men&qid=1632973705&sr=8-167
Men's Vintage Fit Trucker Jackets,/Levis-Vintage-Trucker-Jackets-Midnight/dp/B083WKZWZ6/ref=sr_1_168?dchild=1&keywords=jacket+for+men&qid=1632973705&sr=8-168
Men's Big & Tall Thermal-Lined Duck Active Hoodie Jacket J131,/Carhartt-Thermal-Lined-Active-Jacket/dp/B002GHC2LK/ref=sr_1_169?dchild=1&keywords=jacket+for+men&qid=1632973705&sr=8-169
Mens Last Tracks Jacket,/Columbia-Mens-Last-Tracks-Jacket/dp/B0814B68T4/ref=sr_1_170?dchild=1&keywords=jacket+for+men&qid=1632973705&sr=8-170
Men's Mexico New Team Softshell Jacket - 10033525,/ARIAT-Softshell-Mexico-Resistant-Jacket/dp/B08FJG917G/ref=sr_1_171?dchild=1&keywords=jacket+for+men&qid=1632973705&sr=8-171
Phantom Soft Shell Jacket,/Condor-Phantom-Shell-Jacket-X-Large/dp/B005ZHPG16/ref=sr_1_172?dchild=1&keywords=jacket+for+men&qid=1632973705&sr=8-172
"Men's Polar Fleece Jacket, Amazon Exclusive",/Starter-Standard-Fleece-Jacket-Heather/dp/B07JHCY8TZ/ref=sr_1_173?dchild=1&keywords=jacket+for+men&qid=1632973705&sr=8-173
"Men's Water Resistant Soft Shell Jacket, Amazon Exclusive",/Starter-Water-Resistant-Shell-Jacket/dp/B07F6YPBHC/ref=sr_1_174?dchild=1&keywords=jacket+for+men&qid=1632973705&sr=8-174
Men's Snap-Front Nylon Jacket,/Dickies-Front-Nylon-Jacket-XX-Large/dp/B000TFKOLQ/ref=sr_1_175?dchild=1&keywords=jacket+for+men&qid=1632973705&sr=8-175
Men's Jacket-Fall Winter Thicken Windbreakers Bomber Jackets Padded Coats,/gp/slredirect/picassoRedirect.html/ref=pa_sp_mtf_aps_sr_pg4_1?ie=UTF8&adId=A06845381OU0HF1GVCRGH&url=%2FCRYSULLY-Fashion-Zipper-Casual-Windbreak%2Fdp%2FB07W3SKZ2T%2Fref%3Dsr_1_176_sspa%3Fdchild%3D1%26keywords%3Djacket%2Bfor%2Bmen%26qid%3D1632973705%26sr%3D8-176-spons%26psc%3D1%26smid%3DA2HAYHLPF6CED5&qualifier=1632973705&id=472826779241797&widgetName=sp_mtf
Men's Thick Thermal Winter Jacket with Multi Pockets Zip Front Fleece Lined Military Jacket for Men,/gp/slredirect/picassoRedirect.html/ref=pa_sp_mtf_aps_sr_pg4_1?ie=UTF8&adId=A05345683QB04YUSEGS5R&url=%2FEKLENTSON-Fleece-Military-Lightweight-Fashion%2Fdp%2FB07ZGJFKKL%2Fref%3Dsr_1_177_sspa%3Fdchild%3D1%26keywords%3Djacket%2Bfor%2Bmen%26qid%3D1632973705%26sr%3D8-177-spons%26psc%3D1&qualifier=1632973705&id=472826779241797&widgetName=sp_mtf
Men's Cotton Lightweight Multi Pockets Zip Front Stand Collar Military Jackets Windbreaker,/gp/slredirect/picassoRedirect.html/ref=pa_sp_mtf_aps_sr_pg4_1?ie=UTF8&adId=A029023938JNRVQ4BEF5W&url=%2FEKLENTSON-Military-Jackets-Bomber-Jacket%2Fdp%2FB07GB7WZR5%2Fref%3Dsr_1_178_sspa%3Fdchild%3D1%26keywords%3Djacket%2Bfor%2Bmen%26qid%3D1632973705%26sr%3D8-178-spons%26psc%3D1&qualifier=1632973705&id=472826779241797&widgetName=sp_mtf
Men's Aconcagua Insulated Jacket,/North-Face-Aconcagua-Jacket-Black/dp/B08BDV7K8Q/ref=sr_1_179?dchild=1&keywords=jacket+for+men&qid=1632973705&sr=8-179
"Men's Cycling Jacket, Gore-TEX Paclite",/GORE-WEAR-Cycling-Gore-TEX-Paclite/dp/B082YDPCRF/ref=sr_1_180?dchild=1&keywords=jacket+for+men&qid=1632973705&sr=8-180
Men's Apex Bionic 2 Jacket,/North-Face-Bionic-Jacket-Black/dp/B08BDH91Q5/ref=sr_1_181?dchild=1&keywords=jacket+for+men&qid=1632973705&sr=8-181
Men's Classic Faux Leather Jacket,/Tommy-Hilfiger-Classic-Leather-Jacket/dp/B0757YPPPR/ref=sr_1_182?dchild=1&keywords=jacket+for+men&qid=1632973705&sr=8-182
Sirocco Mens Lightweight Jacket/Mens Outer Jackets,/Sirocco-Lightweight-Jacket-Outer-Jackets/dp/B00ATGZ48I/ref=sr_1_183?dchild=1&keywords=jacket+for+men&qid=1632973705&sr=8-183
Men's Faux Leather Hooded Moto Jacket,/Guess-Leather-Hooded-Jacket-Black/dp/B0765JFSD2/ref=sr_1_184?dchild=1&keywords=jacket+for+men&qid=1632973705&sr=8-184
Men's Cloverdale Interchange Jacket,/Columbia-Cloverdale-Interchange-Jacket-Medium/dp/B07JW5637B/ref=sr_1_185?dchild=1&keywords=jacket+for+men&qid=1632973705&sr=8-185
Men's Hooded Tactical Jacket Water Resistant Soft Shell Snow Ski Winter Coats,/Windproof-Waterproof-Jacket-Mountain-Durable/dp/B01GO0SZBU/ref=sr_1_186?dchild=1&keywords=jacket+for+men&qid=1632973705&sr=8-186
Men's Canyonlands Hoodie Sweatshirt,/North-Face-Canyonlands-Hoodie-Heather/dp/B07LC6G2SR/ref=sr_1_187?dchild=1&keywords=jacket+for+men&qid=1632973705&sr=8-187
Men's Eager Air Interchange 3-in-1 Jacket,/Columbia-Eager-Interchange-Jacket-Graphite/dp/B019DY2HGS/ref=sr_1_188?dchild=1&keywords=jacket+for+men&qid=1632973705&sr=8-188
Men's Pilot II Guide Waterproof Breathable Camo Rain Jacket,/Frogg-Toggs-Pilot-Jacket-Realtree/dp/B07GXXLDHP/ref=sr_1_189?dchild=1&keywords=jacket+for+men&qid=1632973705&sr=8-189
Men's Delta Ridge Down Jacket,/Columbia-Delta-Ridge-Jacket-Black/dp/B07JCC149R/ref=sr_1_190?dchild=1&keywords=jacket+for+men&qid=1632973705&sr=8-190
Men's Team Jacket,/Ariat-Mens-Jacket-Black-Large/dp/B007O15UYY/ref=sr_1_191?dchild=1&keywords=jacket+for+men&qid=1632973705&sr=8-191
Men's Denim Jacket,/LEE-Denim-Jacket-Radler-Large/dp/B074WF8MKG/ref=sr_1_192?dchild=1&keywords=jacket+for+men&qid=1632973705&sr=8-192
Men's Lightweight Microtwill Golf Jacket (Standard and Big & Tall),/Tommy-Hilfiger-Classic-Micro-Twill-Bottom/dp/B00N4N2LZ2/ref=sr_1_193?dchild=1&keywords=jacket+for+men&qid=1632973705&sr=8-193
Men's Rugged Full Zip Dakota Jacket,/Legendary-Whitetails-Dakota-Jacket-XXX-Large/dp/B01JTM6NMI/ref=sr_1_194?dchild=1&keywords=jacket+for+men&qid=1632973705&sr=8-194
Men's Apex Canyonwall Eco Jacket,/North-Face-Canyonwall-Jacket-Black/dp/B08MV8KBL5/ref=sr_1_195?dchild=1&keywords=jacket+for+men&qid=1632973705&sr=8-195
Men's Steens Mountain Tech Ii Full Zip Fleece Jacket,/Columbia-Mountain-Front-Zip-Collegiate-X-Large/dp/B01LWND31F/ref=sr_1_196?dchild=1&keywords=jacket+for+men&qid=1632973705&sr=8-196
Men's Faux Leather Motorcycle Jacket,/Levis-Leather-Motorcycle-Jacket-XX-Large/dp/B07FK7G8P7/ref=sr_1_197?dchild=1&keywords=jacket+for+men&qid=1632973705&sr=8-197
unisex-adult Parka Jacket Fleece Lined Team Colors,/Speedo-Unisex-Team-Parka-Medium/dp/B07R3N8PQR/ref=sr_1_198?dchild=1&keywords=jacket+for+men&qid=1632973705&sr=8-198
Men's Midweight Sherpa Lined Hooded Water Resistant Puffer Jacket,/Tommy-Hilfiger-Midweight-Sherpa-Resistant/dp/B08CZZW6LS/ref=sr_1_199?dchild=1&keywords=jacket+for+men&qid=1632973705&sr=8-199
Men's Workwear Gale Rain Jacket,/Helly-Hansen-Workwear-Jacket-Black/dp/B07V5JV4GD/ref=sr_1_200?dchild=1&keywords=jacket+for+men&qid=1632973705&sr=8-200
Men's Midweight Bomber Jacket,/Amazon-Essentials-Midweight-Bomber-Jacket/dp/B07Q47NLNZ/ref=sr_1_201?dchild=1&keywords=jacket+for+men&qid=1632973705&sr=8-201
Men's Tiro 21 Windbreaker,/adidas-Mens-Windbreaker-Black-Large/dp/B087C2XLD1/ref=sr_1_202?dchild=1&keywords=jacket+for+men&qid=1632973705&sr=8-202
Men's Lightweight Bomber Jacket Windbreaker Softshell Varsity Jacket Coat,/gp/slredirect/picassoRedirect.html/ref=pa_sp_btf_aps_sr_pg4_1?ie=UTF8&adId=A0110696G02SJYI8DS8L&url=%2FMAGNIVIT-Lightweight-Flight-Windbreaker-Softshell%2Fdp%2FB07VSQKXSJ%2Fref%3Dsr_1_203_sspa%3Fdchild%3D1%26keywords%3Djacket%2Bfor%2Bmen%26qid%3D1632973705%26sr%3D8-203-spons%26psc%3D1&qualifier=1632973705&id=472826779241797&widgetName=sp_btf
Men's Lightweight Bomber Jacket Casual Softshell Coat Zipper Sportwear Windbreaker Flight Jacket,/gp/slredirect/picassoRedirect.html/ref=pa_sp_btf_aps_sr_pg4_1?ie=UTF8&adId=A05454942YIQLPZOSSX6C&url=%2FLitteking-Lightweight-Softshell-Sportwear-Windbreaker%2Fdp%2FB08CSPJNCD%2Fref%3Dsr_1_204_sspa%3Fdchild%3D1%26keywords%3Djacket%2Bfor%2Bmen%26qid%3D1632973705%26sr%3D8-204-spons%26psc%3D1&qualifier=1632973705&id=472826779241797&widgetName=sp_btf
Men's Winter Fleece Jacket Windproof Outdoor Hiking Full Zip Jackets,/gp/slredirect/picassoRedirect.html/ref=pa_sp_atf_next_aps_sr_pg5_1?ie=UTF8&adId=A01771133RIS5MGW7CKPE&url=%2FCRYSULLY-Fleece-Fishing-Jacket-Thermal%2Fdp%2FB08MBHDFZQ%2Fref%3Dsr_1_193_sspa%3Fdchild%3D1%26keywords%3Djacket%2Bfor%2Bmen%26qid%3D1632973712%26sr%3D8-193-spons%26psc%3D1&qualifier=1632973712&id=5351068743787341&widgetName=sp_atf_next
Men's Jacket-Lightweight Casual Spring Fall Thin Bomber Zip Pockets Coat Outwear,/gp/slredirect/picassoRedirect.html/ref=pa_sp_atf_next_aps_sr_pg5_1?ie=UTF8&adId=A07272451WLT6J0D8MPW6&url=%2FTACVASEN-Lightweight-Jacket-Softshell-Flight%2Fdp%2FB07VMDZ1DZ%2Fref%3Dsr_1_194_sspa%3Fdchild%3D1%26keywords%3Djacket%2Bfor%2Bmen%26qid%3D1632973712%26sr%3D8-194-spons%26psc%3D1&qualifier=1632973712&id=5351068743787341&widgetName=sp_atf_next
Men's Bomber Jackets Lightweight Windbreaker Spring Fall Full Zip Active Coat Outwear,/gp/slredirect/picassoRedirect.html/ref=pa_sp_atf_next_aps_sr_pg5_1?ie=UTF8&adId=A06561692KS9JNNTI5QHL&url=%2FTACVASEN-Outdoor-Jackets-Classic-Softshell%2Fdp%2FB089B4RBX8%2Fref%3Dsr_1_195_sspa%3Fdchild%3D1%26keywords%3Djacket%2Bfor%2Bmen%26qid%3D1632973712%26sr%3D8-195-spons%26psc%3D1&qualifier=1632973712&id=5351068743787341&widgetName=sp_atf_next
Men's UPF 50+ Jacket Hoodie Sun Protection Long Sleeve Light Full Zip UV Shirt with Pockets Fishing Hiking Outdoor,/gp/slredirect/picassoRedirect.html/ref=pa_sp_atf_next_aps_sr_pg5_1?ie=UTF8&adId=A04141181LMMHVTPVC2PX&url=%2FDeyeek-Protection-Pockets-Fishing-Outdoor%2Fdp%2FB098K2QG7D%2Fref%3Dsr_1_196_sspa%3Fdchild%3D1%26keywords%3Djacket%2Bfor%2Bmen%26qid%3D1632973712%26sr%3D8-196-spons%26psc%3D1&qualifier=1632973712&id=5351068743787341&widgetName=sp_atf_next
Glissade Insulator Jacket,/Spyder-Stealth-Power-Stretch-Jacket/dp/B08MLD4VRL/ref=sr_1_197?dchild=1&keywords=jacket+for+men&qid=1632973712&sr=8-197
Men's Dri-Fit Team Woven Jacket,/Nike-Mens-Dri-Fit-Woven-Jacket/dp/B004Y4D9V0/ref=sr_1_198?dchild=1&keywords=jacket+for+men&qid=1632973712&sr=8-198
"Men's Cycling Jacket, Gore-TEX Paclite",/GORE-WEAR-Cycling-Gore-TEX-Paclite/dp/B082YDPCRF/ref=sr_1_199?dchild=1&keywords=jacket+for+men&qid=1632973712&sr=8-199
"Men's Drop Line, Lightweight 100-Weight Sweater Fleece Jacket",/Marmot-Jacket-Lightweight-100-Weight-Sweater/dp/B075LC96R2/ref=sr_1_200?dchild=1&keywords=jacket+for+men&qid=1632973712&sr=8-200
Men's Stretch Down Jacket,/North-Face-Mens-Stretch-Jacket/dp/B08BDTR6VB/ref=sr_1_201?dchild=1&keywords=jacket+for+men&qid=1632973712&sr=8-201
Men's Pique Track Jacket,/Under-Armour-Pique-Jacket-Medium/dp/B08LNX4W7H/ref=sr_1_202?dchild=1&keywords=jacket+for+men&qid=1632973712&sr=8-202
Men's Hooded Alternative Down Puffer Jacket with Fleece Bib,/Calvin-Klein-Alternative-Puffer-Jacket/dp/B073BTVWB1/ref=sr_1_203?dchild=1&keywords=jacket+for+men&qid=1632973712&sr=8-203
Men's Basic 3-Stripes Rain.rdy Jacket,/adidas-Outdoor-3-Stripes-RAIN-RDY-Jacket/dp/B087C33TY3/ref=sr_1_204?dchild=1&keywords=jacket+for+men&qid=1632973712&sr=8-204
Mens Grander Marlin Mtr Fleece Jacket,/Columbia-Grander-Marlin-Fleece-Charcoal/dp/B08MPXXWWK/ref=sr_1_205?dchild=1&keywords=jacket+for+men&qid=1632973712&sr=8-205
"Men's Lightweight, Water-Resistent Zeus Jacket, 700 Fill Power Down",/Marmot-Mens-Jacket-Large-Arctic/dp/B011PMDOXG/ref=sr_1_206?dchild=1&keywords=jacket+for+men&qid=1632973712&sr=8-206
Workwear Men's Impertech Deluxe Rain Jacket,/Helly-Hansen-Impertech-Deluxe-Jacket/dp/B004SNGU5O/ref=sr_1_207?dchild=1&keywords=jacket+for+men&qid=1632973712&sr=8-207
Men's Challenger II Track Jacket,/Under-Armour-Challenger-Jacket-Graphite/dp/B071P2M25M/ref=sr_1_208?dchild=1&keywords=jacket+for+men&qid=1632973712&sr=8-208
Men's Lightweight Flight Bomber Jacket Spring Fall Causal Softshell Windbreaker Coat Outerwear,/gp/slredirect/picassoRedirect.html/ref=pa_sp_mtf_aps_sr_pg5_1?ie=UTF8&adId=A09092602PCKYXOXJMYR3&url=%2FMANSDOUR-Lightweight-Softshell-Windbreaker-Sportswear%2Fdp%2FB092ZCQ7W9%2Fref%3Dsr_1_209_sspa%3Fdchild%3D1%26keywords%3Djacket%2Bfor%2Bmen%26qid%3D1632973712%26sr%3D8-209-spons%26psc%3D1&qualifier=1632973712&id=5351068743787341&widgetName=sp_mtf
Men's Fleece Hoodie Sweatshirt Thick Jacket Full Zip Up Winter Sherpa Coat,/gp/slredirect/picassoRedirect.html/ref=pa_sp_mtf_aps_sr_pg5_1?ie=UTF8&adId=A062869214OE4H7UFQJ3G&url=%2FGEEK-LIGHTING-Fleece-Hoodie-Sweatshirt%2Fdp%2FB0991VLKD3%2Fref%3Dsr_1_210_sspa%3Fdchild%3D1%26keywords%3Djacket%2Bfor%2Bmen%26qid%3D1632973712%26sr%3D8-210-spons%26psc%3D1&qualifier=1632973712&id=5351068743787341&widgetName=sp_mtf
Men's Lightweight Waterproof Hooded Rain Jacket Outdoor Raincoat Shell Jacket for Hiking Travel,/gp/slredirect/picassoRedirect.html/ref=pa_sp_mtf_aps_sr_pg5_1?ie=UTF8&adId=A061977830TO04PQQ23V6&url=%2FLightweight-Waterproof-Hooded-Outdoor-Raincoat%2Fdp%2FB08F9RTSRM%2Fref%3Dsr_1_211_sspa%3Fdchild%3D1%26keywords%3Djacket%2Bfor%2Bmen%26qid%3D1632973712%26sr%3D8-211-spons%26psc%3D1&qualifier=1632973712&id=5351068743787341&widgetName=sp_mtf
Men's Relaxed Fleece Hooded Flannel Shirt Jacket,/Dickies-Relaxed-Fleece-Hooded-Flannel/dp/B08DJ8Z96Z/ref=sr_1_212?dchild=1&keywords=jacket+for+men&qid=1632973712&sr=8-212
Men's The Trucker Jacket,/Levis-Trucker-Jacket-Small-Nightwatch/dp/B01M2XF3LV/ref=sr_1_213?dchild=1&keywords=jacket+for+men&qid=1632973712&sr=8-213
Aoo9009kt Flak Jacket Rectangular Ear Sock and Nose Pad Accessory Kit,/Oakley-Unisex-Adult-Polarized-Iridium-Replacement/dp/B006252ZQ4/ref=sr_1_214?dchild=1&keywords=jacket+for+men&qid=1632973712&sr=8-214
"Men's Whirlibird IV Interchange Jacket, Waterproof & Breathable",/Columbia-Whirlibird-Interchange-Waterproof-Breathable/dp/B07SWSR4DQ/ref=sr_1_215?dchild=1&keywords=jacket+for+men&qid=1632973712&sr=8-215
Men's Rainfoil Packable Jacket,/Eddie-Bauer-Rainfoil-Packable-Regular/dp/B078M6RP93/ref=sr_1_216?dchild=1&keywords=jacket+for+men&qid=1632973712&sr=8-216
Men's Full Swing Loose Fit Washed Duck Fleece-Lined Jacket,/Carhartt-Swing-Armstrong-Jacket-Large/dp/B07DW333YZ/ref=sr_1_217?dchild=1&keywords=jacket+for+men&qid=1632973712&sr=8-217
Men's Moss Rain Coat,/Helly-Hansen-Mens-Moss-X-Large/dp/B07F2Q63XX/ref=sr_1_218?dchild=1&keywords=jacket+for+men&qid=1632973712&sr=8-218
Tekk Toad Breathable Rain/Wading Jacket,/Frogg-Toggs-Breathable-Wading-X-Large/dp/B002KNFNN4/ref=sr_1_219?dchild=1&keywords=jacket+for+men&qid=1632973712&sr=8-219
Men's Washed Cotton Two Pocket Sherpa Lined Military Jacket,/Levis-Washed-Cotton-Military-X-Large/dp/B075FYVD8L/ref=sr_1_220?dchild=1&keywords=jacket+for+men&qid=1632973712&sr=8-220
Men's Iconic T7 Track Jacket,/PUMA-Standard-Iconic-Track-Jacket/dp/B08PKHNC2K/ref=sr_1_221?dchild=1&keywords=jacket+for+men&qid=1632973712&sr=8-221
Alpha Micro Fleece Jacket,/Condor-Micro-Fleece-Jacket-X-Large/dp/B005VDR0FO/ref=sr_1_222?dchild=1&keywords=jacket+for+men&qid=1632973712&sr=8-222
Men's Workwear Mandal Jacket,/Helly-Hansen-Workwear-Mandal-Jacket/dp/B00DPHZ3UM/ref=sr_1_223?dchild=1&keywords=jacket+for+men&qid=1632973712&sr=8-223
Men's Winter Jackets Bomber Jacket Zipper Pockets Padded Coats Warm Windproof Outwear,/gp/slredirect/picassoRedirect.html/ref=pa_sp_mtf_aps_sr_pg5_1?ie=UTF8&adId=A02182423KVNZPQXQMV5O&url=%2FBomber-Baseball-Jackets-Letterman-Varsity%2Fdp%2FB08KG8JFZ9%2Fref%3Dsr_1_224_sspa%3Fdchild%3D1%26keywords%3Djacket%2Bfor%2Bmen%26qid%3D1632973712%26sr%3D8-224-spons%26psc%3D1&qualifier=1632973712&id=5351068743787341&widgetName=sp_mtf
Men's Long Sleeve Running Shirts Full Zip UPF 50+ Jacket Hoodie with Pocket for Hiking Workout,/gp/slredirect/picassoRedirect.html/ref=pa_sp_mtf_aps_sr_pg5_1?ie=UTF8&adId=A02344622NRW76AATESH5&url=%2FBALEAF-Sleeve-Running-Shirts-Workout%2Fdp%2FB09B1ZJ33Z%2Fref%3Dsr_1_225_sspa%3Fdchild%3D1%26keywords%3Djacket%2Bfor%2Bmen%26qid%3D1632973712%26sr%3D8-225-spons%26psc%3D1&qualifier=1632973712&id=5351068743787341&widgetName=sp_mtf
Men's Softshell Jacket Full Zip Lightweight Casual Wear Outdoor Bomber Jacket,/gp/slredirect/picassoRedirect.html/ref=pa_sp_mtf_aps_sr_pg5_1?ie=UTF8&adId=A0750010AU4TJFVVY02V&url=%2FDISHANG-Softshell-Jakcet-Lightweight-Outdoor%2Fdp%2FB083DD5NBV%2Fref%3Dsr_1_226_sspa%3Fdchild%3D1%26keywords%3Djacket%2Bfor%2Bmen%26qid%3D1632973712%26sr%3D8-226-spons%26psc%3D1&qualifier=1632973712&id=5351068743787341&widgetName=sp_mtf
Men's Active Stride Jacket,/Helly-Hansen-Active-Stride-Jacket-Black/dp/B08BXRFQXQ/ref=sr_1_227?dchild=1&keywords=jacket+for+men&qid=1632973712&sr=8-227
Men's Wallowa Park Interchange Jacket,/Columbia-Wallowa-Interchange-Jacket-Medium/dp/B08MQB94C5/ref=sr_1_228?dchild=1&keywords=jacket+for+men&qid=1632973712&sr=8-228
Men's Glennaker Storm Jacket,/Georgia-Bulldogs-Collegiate-Glennaker-Jacket/dp/B07ZWYXZFK/ref=sr_1_229?dchild=1&keywords=jacket+for+men&qid=1632973712&sr=8-229
Men's Polar Fleece Jacket,/Tommy-Hilfiger-Fleece-Jacket-X-Small/dp/B08Z64ZQNP/ref=sr_1_230?dchild=1&keywords=jacket+for+men&qid=1632973712&sr=8-230
Men's Jetstream Jacket,/Jetstream-Jacket-Optifade-Country-XXX-Large/dp/B004I6EPJO/ref=sr_1_231?dchild=1&keywords=jacket+for+men&qid=1632973712&sr=8-231
Men's Western Sherpa Lined Trucker Jacket,/Wrangler-Western-Sherpa-Trucker-X-Large/dp/B096L1NC7H/ref=sr_1_232?dchild=1&keywords=jacket+for+men&qid=1632973712&sr=8-232
mens Faux-leather Jacket,/Cole-Haan-Signature-Leather-Collar/dp/B0105Q3HSU/ref=sr_1_233?dchild=1&keywords=jacket+for+men&qid=1632973712&sr=8-233
"Mens Big and Tall Auburn Golf Jacket, Steeple Grey",/London-Fog-Auburn-Jacket-Steeple/dp/B078GRXJ6R/ref=sr_1_234?dchild=1&keywords=jacket+for+men&qid=1632973712&sr=8-234
Men's Loma Vista Hooded Jacket,/Columbia-Vista-Hooded-Jacket-Black/dp/B0814BJWWT/ref=sr_1_235?dchild=1&keywords=jacket+for+men&qid=1632973712&sr=8-235
Men's Fivemile Butte Jacket,/Columbia-Mens-Fivemile-Butte-Jacket/dp/B0814C7D7J/ref=sr_1_236?dchild=1&keywords=jacket+for+men&qid=1632973712&sr=8-236
mens Lightweight Water Resistant Packable Down Puffer Jacket (Standard and Big & Tall),/Calvin-Klein-Packable-Jacket-black/dp/B073BWJ3P7/ref=sr_1_237?dchild=1&keywords=jacket+for+men&qid=1632973712&sr=8-237
"Men's Coach's Jacket, Amazon Exclusive",/Starter-Coachs-Jacket-Black-Large/dp/B07CH5Q52R/ref=sr_1_238?dchild=1&keywords=jacket+for+men&qid=1632973712&sr=8-238
Men's Hooded Rip Stop Water and Wind Resistant Jacket with Fleece Bib,/Calvin-Klein-Hooded-Resistant-XX-Large/dp/B08ZNY57DW/ref=sr_1_239?dchild=1&keywords=jacket+for+men&qid=1632973712&sr=8-239
Men's Weathered Duck Detroit Jacket,/Carhartt-Weathered-Detroit-Jacket-Black/dp/B004QMXVHM/ref=sr_1_240?dchild=1&keywords=jacket+for+men&qid=1632973712&sr=8-240
Men's Ultra Loft Lightweight Packable Puffer Jacket (Standard and Big & Tall),/Tommy-Hilfiger-Packable-Puffer-Jacket/dp/B07RK4PXX1/ref=sr_1_241?dchild=1&keywords=jacket+for+men&qid=1632973712&sr=8-241
Men's Lightweight Active Water Resistant Hooded Rain Jacket,/Tommy-Hilfiger-Colorblocked-Slicker-XXX-Large/dp/B07BFTFCSB/ref=sr_1_242?dchild=1&keywords=jacket+for+men&qid=1632973712&sr=8-242
Men's Glennaker Lake Front-Zip Rain Jacket with Hideaway Hood,/Columbia-Glennaker-Front-Zip-Jacket-Hideaway/dp/B01BVTST3I/ref=sr_1_243?dchild=1&keywords=jacket+for+men&qid=1632973712&sr=8-243
Squad Bomber Jacket - Men's Multi-Sport,/adidas-Bomber-Jacket-Multisport-Onix-White/dp/B07BHKTP5W/ref=sr_1_244?dchild=1&keywords=jacket+for+men&qid=1632973712&sr=8-244
Men's TUMIPAX Puffer Jacket,/Tumi-Mens-Packable-Jacket-Medium/dp/B0151EH1II/ref=sr_1_245?dchild=1&keywords=jacket+for+men&qid=1632973712&sr=8-245
Men's Delta Ridge Down Jacket,/Columbia-Delta-Ridge-Jacket-Collegiate/dp/B07JBN3896/ref=sr_1_246?dchild=1&keywords=jacket+for+men&qid=1632973712&sr=8-246
Men's Softshell Bonded Jacket - Mwj1009000,/Cinch-Softshell-Bonded-Jacket-Black/dp/B07JNGM1WK/ref=sr_1_247?dchild=1&keywords=jacket+for+men&qid=1632973712&sr=8-247
Men's Full-Zip Hooded Jacket Polyester/Elastane Blend Training Woven Jacket 1352088 Black (Medium),/Under-Armour-Full-Zip-Polyester-Elastane/dp/B094DFGXXF/ref=sr_1_248?dchild=1&keywords=jacket+for+men&qid=1632973712&sr=8-248
Men's Shoreline Jacket Waterproof Breathable Nylon J162,/Carhartt-Shoreline-Jacket-Waterproof-Breathable/dp/B00AU0Y8ZI/ref=sr_1_249?dchild=1&keywords=jacket+for+men&qid=1632973712&sr=8-249
Men's Lightweight Softshell Coat Sportwear Zipper Windbreaker Flight Bomber Jacket,/Lavnis-Lightweight-Softshell-Sportwear-Windbreaker/dp/B07VRVFZSW/ref=sr_1_250?dchild=1&keywords=jacket+for+men&qid=1632973712&sr=8-250
Men’s Casual Long Sleeve Track Jackets Zipper Sports Varsity Jacket,/gp/slredirect/picassoRedirect.html/ref=pa_sp_btf_aps_sr_pg5_1?ie=UTF8&adId=A07163512URYVK0E7ACCA&url=%2FHOOD-CREW-Casual-Jackets-Varsity%2Fdp%2FB094YGMBGK%2Fref%3Dsr_1_251_sspa%3Fdchild%3D1%26keywords%3Djacket%2Bfor%2Bmen%26qid%3D1632973712%26sr%3D8-251-spons%26psc%3D1&qualifier=1632973712&id=5351068743787341&widgetName=sp_btf
Men's Jacket-Fall Winter Thicken Windbreakers Bomber Jackets Padded Coats,/gp/slredirect/picassoRedirect.html/ref=pa_sp_btf_aps_sr_pg5_1?ie=UTF8&adId=A06845381OU0HF1GVCRGH&url=%2FCRYSULLY-Fashion-Zipper-Casual-Windbreak%2Fdp%2FB07W3SKZ2T%2Fref%3Dsr_1_252_sspa%3Fdchild%3D1%26keywords%3Djacket%2Bfor%2Bmen%26qid%3D1632973712%26sr%3D8-252-spons%26psc%3D1%26smid%3DA2HAYHLPF6CED5&qualifier=1632973712&id=5351068743787341&widgetName=sp_btf
Men's Winter Jackets Bomber Jacket Zipper Pockets Padded Coats Warm Windproof Outwear,/gp/slredirect/picassoRedirect.html/ref=pa_sp_atf_next_aps_sr_pg6_1?ie=UTF8&adId=A08801012FOLKYVE60KI9&url=%2FMAGCOMSEN-Varsity-Jacket-Jackets-Baseball%2Fdp%2FB07VFNZBQ2%2Fref%3Dsr_1_241_sspa%3Fdchild%3D1%26keywords%3Djacket%2Bfor%2Bmen%26qid%3D1632973719%26sr%3D8-241-spons%26psc%3D1%26smid%3DA3U9RCE56GV0D0&qualifier=1632973719&id=6308107927608773&widgetName=sp_atf_next
Men's UPF 50+ Jacket Hoodie Sun Protection Long Sleeve Light Full Zip UV Shirt with Pockets Fishing Hiking Outdoor,/gp/slredirect/picassoRedirect.html/ref=pa_sp_atf_next_aps_sr_pg6_1?ie=UTF8&adId=A04140623MPUCQVCIJUVZ&url=%2FDeyeek-Protection-Pockets-Fishing-Outdoor%2Fdp%2FB098K38KRJ%2Fref%3Dsr_1_242_sspa%3Fdchild%3D1%26keywords%3Djacket%2Bfor%2Bmen%26qid%3D1632973719%26sr%3D8-242-spons%26psc%3D1&qualifier=1632973719&id=6308107927608773&widgetName=sp_atf_next
Men's Bomber Jackets Lightweight Windbreaker Spring Fall Full Zip Active Coat Outwear,/gp/slredirect/picassoRedirect.html/ref=pa_sp_atf_next_aps_sr_pg6_1?ie=UTF8&adId=A06561692KS9JNNTI5QHL&url=%2FTACVASEN-Outdoor-Jackets-Classic-Softshell%2Fdp%2FB089B4RBX8%2Fref%3Dsr_1_243_sspa%3Fdchild%3D1%26keywords%3Djacket%2Bfor%2Bmen%26qid%3D1632973719%26sr%3D8-243-spons%26psc%3D1&qualifier=1632973719&id=6308107927608773&widgetName=sp_atf_next
Men's Cycling Bike Jackets Windproof Full Zip Fleece Jacket Outdoor Raincoat Shell,/gp/slredirect/picassoRedirect.html/ref=pa_sp_atf_next_aps_sr_pg6_1?ie=UTF8&adId=A10357402TOEKRTQX43T1&url=%2FWantdo-Waterproof-Outdoor-Sportwear-Windproof%2Fdp%2FB07XRPHBJR%2Fref%3Dsr_1_244_sspa%3Fdchild%3D1%26keywords%3Djacket%2Bfor%2Bmen%26qid%3D1632973719%26sr%3D8-244-spons%26psc%3D1&qualifier=1632973719&id=6308107927608773&widgetName=sp_atf_next
Men's Original Iconic Racer Jacket,/Members-Only-Original-Iconic-XX-Large/dp/B00DS6YIMO/ref=sr_1_245?dchild=1&keywords=jacket+for+men&qid=1632973719&sr=8-245
Men's Faux Leather Motorcycle Jacket,/Levis-Leather-Motorcycle-Jacket-XX-Large/dp/B07FK7G8P7/ref=sr_1_246?dchild=1&keywords=jacket+for+men&qid=1632973719&sr=8-246
"Men's Water Resistant Soft Shell Jacket, Amazon Exclusive",/Starter-Shell-Jacket-Black-Medium/dp/B07F6VZ29Z/ref=sr_1_247?dchild=1&keywords=jacket+for+men&qid=1632973719&sr=8-247
Men's Thermal-Lined Fleece Hoodie,/Dickies-Thermal-Lined-Fleece-Jacket/dp/B004SWJ22S/ref=sr_1_248?dchild=1&keywords=jacket+for+men&qid=1632973719&sr=8-248
Men Brown Leather Motorcycle Jacket with Removable Hood,/FLAVOR-Leather-Motorcycle-Removable-Standard/dp/B06XK77L7L/ref=sr_1_249?dchild=1&keywords=jacket+for+men&qid=1632973719&sr=8-249
Men's Collegiate Pike Lake Jacket,/State-Buckeyes-Collegiate-Jacket-Large/dp/B07ZWZ7N9F/ref=sr_1_250?dchild=1&keywords=jacket+for+men&qid=1632973719&sr=8-250
Men's Midweight Bomber Jacket,/Amazon-Essentials-Midweight-Bomber-Jacket/dp/B07Q47N5J4/ref=sr_1_251?dchild=1&keywords=jacket+for+men&qid=1632973719&sr=8-251
Men's Big & Tall Crowley Jacket,/Carhartt-Crowley-Jacket-Black-X-Large/dp/B01BUH7I1A/ref=sr_1_252?dchild=1&keywords=jacket+for+men&qid=1632973719&sr=8-252
Men's Delta Ridge Down Jacket,/Columbia-Delta-Ridge-Jacket-XX-Large/dp/B07JW4XVHX/ref=sr_1_253?dchild=1&keywords=jacket+for+men&qid=1632973719&sr=8-253
98140 - Men's Reactor Jacket,/MR-MENS-REACTOR-JACKET-BLACK/dp/B00I2ZAZ50/ref=sr_1_254?dchild=1&keywords=jacket+for+men&qid=1632973719&sr=8-254
Men's Active Soft Shell Jacket,/Tommy-Hilfiger-Classic-Jacket-X-Large/dp/B01AWU2HOE/ref=sr_1_255?dchild=1&keywords=jacket+for+men&qid=1632973719&sr=8-255
Men's Glennaker Storm Jacket,/Oregon-Beavers-Collegiate-Glennaker-Jacket/dp/B07ZWYLYG6/ref=sr_1_256?dchild=1&keywords=jacket+for+men&qid=1632973719&sr=8-256
Men's Fleece Hoodie Sweatshirt Thick Jacket Full Zip Up Winter Sherpa Coat,/gp/slredirect/picassoRedirect.html/ref=pa_sp_mtf_aps_sr_pg6_1?ie=UTF8&adId=A062869214OE4H7UFQJ3G&url=%2FGEEK-LIGHTING-Fleece-Hoodie-Sweatshirt%2Fdp%2FB0991VLKD3%2Fref%3Dsr_1_257_sspa%3Fdchild%3D1%26keywords%3Djacket%2Bfor%2Bmen%26qid%3D1632973719%26sr%3D8-257-spons%26psc%3D1&qualifier=1632973719&id=6308107927608773&widgetName=sp_mtf
Men's Lightweight Flight Bomber Jacket Spring Fall Causal Softshell Windbreaker Coat Outerwear,/gp/slredirect/picassoRedirect.html/ref=pa_sp_mtf_aps_sr_pg6_1?ie=UTF8&adId=A09092602PCKYXOXJMYR3&url=%2FMANSDOUR-Lightweight-Softshell-Windbreaker-Sportswear%2Fdp%2FB092ZCQ7W9%2Fref%3Dsr_1_258_sspa%3Fdchild%3D1%26keywords%3Djacket%2Bfor%2Bmen%26qid%3D1632973719%26sr%3D8-258-spons%26psc%3D1&qualifier=1632973719&id=6308107927608773&widgetName=sp_mtf
Men's Lightweight Waterproof Hooded Rain Jacket Outdoor Raincoat Shell Jacket for Hiking Travel,/gp/slredirect/picassoRedirect.html/ref=pa_sp_mtf_aps_sr_pg6_1?ie=UTF8&adId=A061977830TO04PQQ23V6&url=%2FLightweight-Waterproof-Hooded-Outdoor-Raincoat%2Fdp%2FB08F9RTSRM%2Fref%3Dsr_1_259_sspa%3Fdchild%3D1%26keywords%3Djacket%2Bfor%2Bmen%26qid%3D1632973719%26sr%3D8-259-spons%26psc%3D1&qualifier=1632973719&id=6308107927608773&widgetName=sp_mtf
mens Climate Fishing Jacket,/Striker-Ice-Climate-Jacket-X-Large/dp/B015ZUY334/ref=sr_1_260?dchild=1&keywords=jacket+for+men&qid=1632973719&sr=8-260
Men's Concealed Carry Solid Bonded Jacket,/Cinch-Concealed-Carry-Bonded-Jacket/dp/B075VWZLVP/ref=sr_1_261?dchild=1&keywords=jacket+for+men&qid=1632973719&sr=8-261
Men's Retro Lightweight Taslan Hooded Popover Water Resistant Windbreaker Jacket,/Tommy-Hilfiger-Lightweight-Taslan-Popover/dp/B07GFP7QCF/ref=sr_1_262?dchild=1&keywords=jacket+for+men&qid=1632973719&sr=8-262
Men's Tempo Softshell Jacket,/Marmot-Tempo-Softshell-Jacket-Black/dp/B075LF5TGG/ref=sr_1_263?dchild=1&keywords=jacket+for+men&qid=1632973719&sr=8-263
Men's Concealed Carry Bonded Jacket - Mwj1043014,/Cinch-Concealed-Carry-Bonded-Jacket/dp/B07LD4HCCS/ref=sr_1_264?dchild=1&keywords=jacket+for+men&qid=1632973719&sr=8-264
Men's Lightweight Stretch Golf Jacket,/Nautica-Lightweight-Stretch-Jacket-Black/dp/B06XK135QT/ref=sr_1_265?dchild=1&keywords=jacket+for+men&qid=1632973719&sr=8-265
Men's Calen Insulated Puffer,/Marmot-Calen-Insulated-Puffer-Jacket/dp/B075L5ZDV6/ref=sr_1_266?dchild=1&keywords=jacket+for+men&qid=1632973719&sr=8-266
"Helly Hansen Men's Seven J Waterproof, Windproof, and Breathable Rain Jacket with Hood",/Helly-Hansen-Waterproof-Windproof-Breathable/dp/B01EV7XFNQ/ref=sr_1_267?dchild=1&keywords=jacket+for+men&qid=1632973719&sr=8-267
Men's Water Resistant Performance Bomber Jacket (Standard and Big & Tall),/Tommy-Hilfiger-Performance-Unfilled-X-Large/dp/B07GZCJD7L/ref=sr_1_268?dchild=1&keywords=jacket+for+men&qid=1632973719&sr=8-268
Men's Mountain Waterproof Ski Snow Jacket Winter Windproof Rain Jacke,/GEMYSE-Mountain-Waterproof-Jacket-Windproof/dp/B07SN9BRTF/ref=sr_1_269?dchild=1&keywords=jacket+for+men&qid=1632973719&sr=8-269
The NORTHFACE Men's TREVAIL Jacket Black,/North-Face-Trevail-Jacket-Medium/dp/B01N694RMH/ref=sr_1_270?dchild=1&keywords=jacket+for+men&qid=1632973719&sr=8-270
Men's Grays Torreys Insulated Jacket,/North-Face-Torreys-Insulated-Jacket/dp/B08MV9X6J8/ref=sr_1_271?dchild=1&keywords=jacket+for+men&qid=1632973719&sr=8-271
Men's Jacket-Fall Winter Thicken Windbreakers Bomber Jackets Padded Coats,/gp/slredirect/picassoRedirect.html/ref=pa_sp_mtf_aps_sr_pg6_1?ie=UTF8&adId=A06845381OU0HF1GVCRGH&url=%2FCRYSULLY-Fashion-Zipper-Casual-Windbreak%2Fdp%2FB07W3SKZ2T%2Fref%3Dsr_1_272_sspa%3Fdchild%3D1%26keywords%3Djacket%2Bfor%2Bmen%26qid%3D1632973719%26sr%3D8-272-spons%26psc%3D1%26smid%3DA2HAYHLPF6CED5&qualifier=1632973719&id=6308107927608773&widgetName=sp_mtf
Men's Jacket-Lightweight Casual Spring Fall Thin Bomber Zip Pockets Coat Outwear,/gp/slredirect/picassoRedirect.html/ref=pa_sp_mtf_aps_sr_pg6_1?ie=UTF8&adId=A07265652QQFQHOPPZZK9&url=%2FTACVASEN-Lightweight-Jacket-Softshell-Flight%2Fdp%2FB07VNDW5HX%2Fref%3Dsr_1_273_sspa%3Fdchild%3D1%26keywords%3Djacket%2Bfor%2Bmen%26qid%3D1632973719%26sr%3D8-273-spons%26psc%3D1&qualifier=1632973719&id=6308107927608773&widgetName=sp_mtf
Men's Thick Thermal Winter Jacket with Multi Pockets Zip Front Fleece Lined Military Jacket for Men,/gp/slredirect/picassoRedirect.html/ref=pa_sp_mtf_aps_sr_pg6_1?ie=UTF8&adId=A05345683QB04YUSEGS5R&url=%2FEKLENTSON-Fleece-Military-Lightweight-Fashion%2Fdp%2FB07ZGJFKKL%2Fref%3Dsr_1_274_sspa%3Fdchild%3D1%26keywords%3Djacket%2Bfor%2Bmen%26qid%3D1632973719%26sr%3D8-274-spons%26psc%3D1&qualifier=1632973719&id=6308107927608773&widgetName=sp_mtf
Men's Gravity Softshell Windbreaker Jacket,/Marmot-Gravity-Softshell-Windbreaker-Jacket/dp/B075L666ST/ref=sr_1_275?dchild=1&keywords=jacket+for+men&qid=1632973719&sr=8-275
Men's Pilot II Guide Waterproof Breathable Camo Rain Jacket,/Frogg-Toggs-Jacket-Realtree-XX-Large/dp/B07GXYLPWN/ref=sr_1_276?dchild=1&keywords=jacket+for+men&qid=1632973719&sr=8-276
Men’s Thermoball Eco Triclimate Insulated Jacket,/North-Face-ThermoBall-Triclimate-Clear/dp/B08BDS2HGL/ref=sr_1_277?dchild=1&keywords=jacket+for+men&qid=1632973719&sr=8-277
Men's Performance Faux Memory Bomber Jacket,/Tommy-Hilfiger-Performance-Unfilled-X-Large/dp/B07RT4M35L/ref=sr_1_278?dchild=1&keywords=jacket+for+men&qid=1632973719&sr=8-278
Men's Ultra Jacket V2,/Ultimate-Direction-Ultra-Jacket-X-Large/dp/B06X192BFM/ref=sr_1_279?dchild=1&keywords=jacket+for+men&qid=1632973719&sr=8-279
mens Moss Hooded Waterproof Windproof Raincoat Jacket,/Helly-Hansen-Jacket-Essential-X-Large/dp/B07FHF56CX/ref=sr_1_280?dchild=1&keywords=jacket+for+men&qid=1632973719&sr=8-280
Men's Powerblend Full Zip Jacket,/Champion-Mens-Powerblend-Full-Jacket/dp/B071CS73TX/ref=sr_1_281?dchild=1&keywords=jacket+for+men&qid=1632973719&sr=8-281
Men's Hooded Bomber Jacket,/Guess-Hooded-Bomber-Jacket-Black/dp/B0765JFSCS/ref=sr_1_282?dchild=1&keywords=jacket+for+men&qid=1632973719&sr=8-282
Squad Bomber Jacket - Men's Multi-Sport,/adidas-Bomber-Jacket-Multisport-Maroon-White/dp/B07BHKMX74/ref=sr_1_283?dchild=1&keywords=jacket+for+men&qid=1632973719&sr=8-283
Mens Rain Jacket Waterproof with Hood Packable Lightweight Windbreaker Jackets Running Hiking Jacket,/Casei-Waterproof-Packable-Lightweight-Windbreaker/dp/B0972RW4B8/ref=sr_1_284?dchild=1&keywords=jacket+for+men&qid=1632973719&sr=8-284
Men's Wool Blend Hooded Military Jacket,/Levis-Blend-Military-Jacket-Black/dp/B07FSXYJY7/ref=sr_1_285?dchild=1&keywords=jacket+for+men&qid=1632973719&sr=8-285
Men's Downlight Hooded Jacket,/Eddie-Bauer-Downlight-StormDown-Regular/dp/B01J1EI03E/ref=sr_1_286?dchild=1&keywords=jacket+for+men&qid=1632973719&sr=8-286
Men's Active Jacket J130 (Regular and Big & Tall Sizes),/Carhartt-Active-Jacket-Regular-Medium/dp/B07S3HDBSQ/ref=sr_1_287?dchild=1&keywords=jacket+for+men&qid=1632973719&sr=8-287
"Men's Genuine Lambskin Leather Jacket (Black, Biker Jacket) - 1501200",/Laverapelle-Genuine-Lambskin-Leather-Polyester/dp/B0178ZKKR2/ref=sr_1_288?dchild=1&keywords=jacket+for+men&qid=1632973719&sr=8-288
Men's Barrage Soft Shell Jacket,/Under-Armour-Barrage-Jacket-Stealth/dp/B07CYPHS1G/ref=sr_1_289?dchild=1&keywords=jacket+for+men&qid=1632973719&sr=8-289
Men's Arctic Cloth Heavyweight Performance Parka,/Tommy-Hilfiger-Quilted-Removable-Isulation/dp/B01L0AYMW0/ref=sr_1_290?dchild=1&keywords=jacket+for+men&qid=1632973719&sr=8-290
Men's Tall And Big Blanket Lined Denim Jacket,/Wrangler-Blanket-Lined-Jacket-Blaket/dp/B00CX6DRJA/ref=sr_1_291?dchild=1&keywords=jacket+for+men&qid=1632973719&sr=8-291
Men's Relaxed Fit Washed Duck Sherpa-Lined Jacket,/Carhartt-Relaxed-Washed-Sherpa-Lined-3X-Large/dp/B08BG79TJF/ref=sr_1_292?dchild=1&keywords=jacket+for+men&qid=1632973719&sr=8-292
Mens Xtreme Lite Packable Waterproof Breathable Rain Jacket,/Frogg-Toggs-Xtreme-Waterproof-Jacket/dp/B077H399FM/ref=sr_1_293?dchild=1&keywords=jacket+for+men&qid=1632973719&sr=8-293
Women's Zip Up Safari Military Anorak Jacket with Hood Drawstring - Regular and Plus Sizes,/FASHION-BOOMY-Womens-Military-Anorak/dp/B01KPFKA0E/ref=sr_1_294?dchild=1&keywords=jacket+for+men&qid=1632973719&sr=8-294
Men's Western Style Lined Denim Jacket,/Wrangler-Western-Jacket-Indigo-Blanket/dp/B081W8PLLW/ref=sr_1_295?dchild=1&keywords=jacket+for+men&qid=1632973719&sr=8-295
Men's Active Stride Jacket,/Helly-Hansen-Active-Stride-Jacket-Black/dp/B08BXRFQXQ/ref=sr_1_296?dchild=1&keywords=jacket+for+men&qid=1632973719&sr=8-296
Men's TKA Glacier Quarter Zip Fleece Pullover,/North-Face-Glacier-Quarter-Pullover/dp/B07MXLLVZZ/ref=sr_1_297?dchild=1&keywords=jacket+for+men&qid=1632973719&sr=8-297
Men's OutDry Ex Blitz Jacket,/Columbia-Outdry-Waterproof-Jacket-Collegiate/dp/B07DKZ5BR9/ref=sr_1_298?dchild=1&keywords=jacket+for+men&qid=1632973719&sr=8-298
Men’s Casual Long Sleeve Track Jackets Zipper Sports Varsity Jacket,/gp/slredirect/picassoRedirect.html/ref=pa_sp_btf_aps_sr_pg6_1?ie=UTF8&adId=A07163512URYVK0E7ACCA&url=%2FHOOD-CREW-Casual-Jackets-Varsity%2Fdp%2FB094YGMBGK%2Fref%3Dsr_1_299_sspa%3Fdchild%3D1%26keywords%3Djacket%2Bfor%2Bmen%26qid%3D1632973719%26sr%3D8-299-spons%26psc%3D1&qualifier=1632973719&id=6308107927608773&widgetName=sp_btf
Men's Lightweight Bomber Jacket Casual Softshell Coat Zipper Sportwear Windbreaker Flight Jacket,/gp/slredirect/picassoRedirect.html/ref=pa_sp_btf_aps_sr_pg6_1?ie=UTF8&adId=A05454942YIQLPZOSSX6C&url=%2FLitteking-Lightweight-Softshell-Sportwear-Windbreaker%2Fdp%2FB08CSPJNCD%2Fref%3Dsr_1_300_sspa%3Fdchild%3D1%26keywords%3Djacket%2Bfor%2Bmen%26qid%3D1632973719%26sr%3D8-300-spons%26psc%3D1&qualifier=1632973719&id=6308107927608773&widgetName=sp_btf
